FM_TEST_BEGIN 2026-10-07T11:18:55Z tests/fm-control-relaunch.test.sh family=backend-dispatch expected_gate_skip=none
ok - fm-control removes the dialog file after exit and after relaunch
ok - fm-control exit removes the dialog file before it releases the control lock
ok - fm-control relaunch: a same-harness relaunch replaces the agent in the same endpoint and worktree
ok - fm-control relaunch: pending composer text refuses before the exit command is typed
ok - fm-control relaunch: an unreadable composer fails safe before the exit command is typed
ok - fm-control relaunch: a linked spawning home preserves committed and unfinished work in the recorded copy
ok - fm-control relaunch: durable task metadata survives replacement launch publication
ok - fm-control relaunch: delivery and concurrent task metadata publication serialize
ok - fm-control relaunch: disabling tracing clears metadata and pane context
ok - fm-control relaunch: progress and the Firstmate-worktree worker identity reach the replacement
ok - fm-control relaunch: a ship task refuses without the progress note its replacement needs
ok - fm-control relaunch: switching harness is one ordinary relaunch, and the old wiring goes with the old agent
ok - fm-control relaunch: a harness switch resets model and effort unless they are named too
ok - fm-control relaunch: a prefixed recorded harness can switch adapters transactionally
ok - fm-control relaunch: a prefixed command requires an explicit replacement harness
ok - fm-control relaunch: a same-harness relaunch keeps the profile axes it was running with
ok - native Ultra relaunch preserves its profile and rejects an unsupported model before stopping
ok - fm-control relaunch: a signed-out worker account pin refuses before the old agent stops
ok - fm-control relaunch: the replacement follows the home's current worker account pin
ok - fm-control relaunch: explicit model and effort win over the recorded ones
ok - fm-control relaunch: refuses to relaunch onto an adapter with no verified mechanics
ok - fm-control relaunch: the retired incarnation's global turn-end token is revoked
ok - fm-control relaunch: wiring cleanup failure refuses replacement arming
ok - fm-control-lib: one owner resolves each harness's turn-end registry entry, and refuses a malformed token
ok - fm-control relaunch: a secondmate relaunch re-resolves its durable configured harness pin
ok - fm-control relaunch: invalid configured effort is ignored before stop
ok - fm-control relaunch: an adapter unverified for this task kind refuses before the agent is stopped
ok - fm-control relaunch: explicit secondmate harness resets unnamed profile axes
ok - fm-control relaunch: a ship task keeps its recorded harness instead of re-reading crew config
ok - fm-spawn --relaunch: with no explicit harness it reuses the task's recorded one, never the crew default
ok - fm-spawn --relaunch: a promoted scout with a recorded custom branch relaunches on it instead of being refused
ok - fm-promote/fm-spawn --relaunch: the current ship contract supersedes stale scout delivery text
ok - fm-spawn --relaunch: wiring armed under a prefixed harness name is still retired
ok - fm-spawn --relaunch: switching away from muse retires its session binding
ok - fm-spawn --relaunch: switching away from cursor retires its session binding
ok - fm-control relaunch: an unaccountable local copy refuses before the agent is touched
ok - fm-control relaunch: a worker with nothing to work from is never launched
ok - fm-control relaunch: a refusal before the agent is stopped leaves the durable record untouched
ok - fm-control relaunch: checkpoint inspection failures refuse before stopping
ok - fm-control relaunch: a launch failure after the stop keeps the prior record and reports the real state
ok - fm-control relaunch: unpublished rollback keeps concurrent durable metadata
ok - fm-control relaunch: post-publication failure keeps the new durable record
ok - fm-control relaunch: partial stop reconciles actual agent state
ok - fm-control relaunch: failed journal replacement preserves durable phase
ok - fm-spawn relaunch: prepublication abort removes replacement state
ok - fm-control relaunch: the checkpoint records the exact unlanded work it preserved
ok - fm-control relaunch: a secondmate's child work is accounted for and its charter is left alone
ok - fm-control relaunch: a secondmate home that is not this secondmate's is refused
ok - fm-control relaunch: unreadable child records fail checkpoint
ok - fm-control relaunch: unlistable state fails checkpoint
ok - fm-control relaunch: a vanished watcher scratch file does not fail the child-record checkpoint
ok - fm-control relaunch: two control actions on one task serialize instead of interleaving
ok - fm-spawn relaunch: direct entry participates in lifecycle serialization
ok - fm-promote: promotion participates in lifecycle serialization
ok - fm-spawn --relaunch: refuses to launch a second agent into a live endpoint
ok - fm-spawn --relaunch: symlinked records refuse before inspection
ok - fm-spawn --relaunch: keeps its early meta lock continuous
ok - fm-spawn --relaunch: pending closes refuse before replacement begins
ok - fm-spawn --relaunch: every identity axis comes from the record, and a contradicting flag refuses
ok - fm-spawn --relaunch: an unrecorded task is refused
ok - fm-spawn --relaunch: refuses to start a replacement outside the copy holding its work
ok - tmux: a window absent from its session refuses both verbs rather than being assumed gone
ok - tmux: an unfindable session refuses both verbs, so a live agent is never duplicated
ok - tmux: a dead server on this socket refuses both verbs rather than proving absence
ok - reclaim: an unclassifiable endpoint is still refused, so two agents cannot share one
sed: 1: "/Users/mremond/.no-mist ...": invalid command code m
sed: 1: "/Users/mremond/.no-mist ...": invalid command code m
ok - fm-spawn --relaunch: resumes the bound Pi session only for a Pi registration
ok - reclaim: a herdr pane that outlived its stopped server is adopted, never orphaned beside a new tab
ok - fm-control exit: a herdr pane that outlived its stopped server is already-stopped, not gone
ok - reclaim: a herdr rebind is created in the session the record names, never the ambient one
ok - reclaim: a herdr agent that came back with its server refuses, so one worktree keeps one agent
ok - native relaunch: override=on replaces or removes the retired channel
ok - native relaunch: override=off replaces or removes the retired channel
ok - reclaim: a herdr reclaim rebinds the endpoint and leaves the whole rest of the task alone
ok - reclaim: a herdr secondmate whose endpoint is gone is sent to its own respawn owner
ok - reclaim: a rebind refused from a plain shell reports the real cause, not a fabricated session mismatch
ok - relaunch re-reads the backlog item instead of blindly re-running the transition
ok - relaunch heals an item that drifted out of In flight while the task stayed live
rm: /Users/mremond/.no-mistakes/worktrees/acf4a767348a/01M4AX10ZC7N8D2XBFQHB3V6A5/.test-6202/relaunch-tmp/fm-control-relaunch.NHgaJt/acct-29383/home/state/rl-acct.git-hooks/pre-rebase: Permission denied
rm: /Users/mremond/.no-mistakes/worktrees/acf4a767348a/01M4AX10ZC7N8D2XBFQHB3V6A5/.test-6202/relaunch-tmp/fm-control-relaunch.NHgaJt/acct-29383/home/state/rl-acct.git-hooks/pre-applypatch: Permission denied
rm: /Users/mremond/.no-mistakes/worktrees/acf4a767348a/01M4AX10ZC7N8D2XBFQHB3V6A5/.test-6202/relaunch-tmp/fm-control-relaunch.NHgaJt/acct-29383/home/state/rl-acct.git-hooks/pre-auto-gc: Permission denied
rm: /Users/mremond/.no-mistakes/worktrees/acf4a767348a/01M4AX10ZC7N8D2XBFQHB3V6A5/.test-6202/relaunch-tmp/fm-control-relaunch.NHgaJt/acct-29383/home/state/rl-acct.git-hooks/pre-merge-commit: Permission denied
rm: /Users/mremond/.no-mistakes/worktrees/acf4a767348a/01M4AX10ZC7N8D2XBFQHB3V6A5/.test-6202/relaunch-tmp/fm-control-relaunch.NHgaJt/acct-29383/home/state/rl-acct.git-hooks/post-commit: Permission denied
rm: /Users/mremond/.no-mistakes/worktrees/acf4a767348a/01M4AX10ZC7N8D2XBFQHB3V6A5/.test-6202/relaunch-tmp/fm-control-relaunch.NHgaJt/acct-29383/home/state/rl-acct.git-hooks/sendemail-validate: Permission denied
rm: /Users/mremond/.no-mistakes/worktrees/acf4a767348a/01M4AX10ZC7N8D2XBFQHB3V6A5/.test-6202/relaunch-tmp/fm-control-relaunch.NHgaJt/acct-29383/home/state/rl-acct.git-hooks/applypatch-msg: Permission denied
rm: /Users/mremond/.no-mistakes/worktrees/acf4a767348a/01M4AX10ZC7N8D2XBFQHB3V6A5/.test-6202/relaunch-tmp/fm-control-relaunch.NHgaJt/acct-29383/home/state/rl-acct.git-hooks/prepare-commit-msg: Permission denied
rm: /Users/mremond/.no-mistakes/worktrees/acf4a767348a/01M4AX10ZC7N8D2XBFQHB3V6A5/.test-6202/relaunch-tmp/fm-control-relaunch.NHgaJt/acct-29383/home/state/rl-acct.git-hooks/post-checkout: Permission denied
rm: /Users/mremond/.no-mistakes/worktrees/acf4a767348a/01M4AX10ZC7N8D2XBFQHB3V6A5/.test-6202/relaunch-tmp/fm-control-relaunch.NHgaJt/acct-29383/home/state/rl-acct.git-hooks/post-applypatch: Permission denied
rm: /Users/mremond/.no-mistakes/worktrees/acf4a767348a/01M4AX10ZC7N8D2XBFQHB3V6A5/.test-6202/relaunch-tmp/fm-control-relaunch.NHgaJt/acct-29383/home/state/rl-acct.git-hooks/post-rewrite: Permission denied
rm: /Users/mremond/.no-mistakes/worktrees/acf4a767348a/01M4AX10ZC7N8D2XBFQHB3V6A5/.test-6202/relaunch-tmp/fm-control-relaunch.NHgaJt/acct-29383/home/state/rl-acct.git-hooks/commit-msg: Permission denied
rm: /Users/mremond/.no-mistakes/worktrees/acf4a767348a/01M4AX10ZC7N8D2XBFQHB3V6A5/.test-6202/relaunch-tmp/fm-control-relaunch.NHgaJt/acct-29383/home/state/rl-acct.git-hooks/pre-push: Permission denied
rm: /Users/mremond/.no-mistakes/worktrees/acf4a767348a/01M4AX10ZC7N8D2XBFQHB3V6A5/.test-6202/relaunch-tmp/fm-control-relaunch.NHgaJt/acct-29383/home/state/rl-acct.git-hooks/post-merge: Permission denied
rm: /Users/mremond/.no-mistakes/worktrees/acf4a767348a/01M4AX10ZC7N8D2XBFQHB3V6A5/.test-6202/relaunch-tmp/fm-control-relaunch.NHgaJt/acct-29383/home/state/rl-acct.git-hooks/pre-commit: Permission denied
rm: /Users/mremond/.no-mistakes/worktrees/acf4a767348a/01M4AX10ZC7N8D2XBFQHB3V6A5/.test-6202/relaunch-tmp/fm-control-relaunch.NHgaJt/acct-29383/home/state/rl-acct.git-hooks: Directory not empty
rm: /Users/mremond/.no-mistakes/worktrees/acf4a767348a/01M4AX10ZC7N8D2XBFQHB3V6A5/.test-6202/relaunch-tmp/fm-control-relaunch.NHgaJt/acct-29383/home/state: Directory not empty
rm: /Users/mremond/.no-mistakes/worktrees/acf4a767348a/01M4AX10ZC7N8D2XBFQHB3V6A5/.test-6202/relaunch-tmp/fm-control-relaunch.NHgaJt/acct-29383/home: Directory not empty
rm: /Users/mremond/.no-mistakes/worktrees/acf4a767348a/01M4AX10ZC7N8D2XBFQHB3V6A5/.test-6202/relaunch-tmp/fm-control-relaunch.NHgaJt/acct-29383: Directory not empty
rm: /Users/mremond/.no-mistakes/worktrees/acf4a767348a/01M4AX10ZC7N8D2XBFQHB3V6A5/.test-6202/relaunch-tmp/fm-control-relaunch.NHgaJt/same-15888/home/state/rl1.git-hooks/pre-rebase: Permission denied
rm: /Users/mremond/.no-mistakes/worktrees/acf4a767348a/01M4AX10ZC7N8D2XBFQHB3V6A5/.test-6202/relaunch-tmp/fm-control-relaunch.NHgaJt/same-15888/home/state/rl1.git-hooks/pre-applypatch: Permission denied
rm: /Users/mremond/.no-mistakes/worktrees/acf4a767348a/01M4AX10ZC7N8D2XBFQHB3V6A5/.test-6202/relaunch-tmp/fm-control-relaunch.NHgaJt/same-15888/home/state/rl1.git-hooks/pre-auto-gc: Permission denied
rm: /Users/mremond/.no-mistakes/worktrees/acf4a767348a/01M4AX10ZC7N8D2XBFQHB3V6A5/.test-6202/relaunch-tmp/fm-control-relaunch.NHgaJt/same-15888/home/state/rl1.git-hooks/pre-merge-commit: Permission denied
rm: /Users/mremond/.no-mistakes/worktrees/acf4a767348a/01M4AX10ZC7N8D2XBFQHB3V6A5/.test-6202/relaunch-tmp/fm-control-relaunch.NHgaJt/same-15888/home/state/rl1.git-hooks/post-commit: Permission denied
rm: /Users/mremond/.no-mistakes/worktrees/acf4a767348a/01M4AX10ZC7N8D2XBFQHB3V6A5/.test-6202/relaunch-tmp/fm-control-relaunch.NHgaJt/same-15888/home/state/rl1.git-hooks/sendemail-validate: Permission denied
rm: /Users/mremond/.no-mistakes/worktrees/acf4a767348a/01M4AX10ZC7N8D2XBFQHB3V6A5/.test-6202/relaunch-tmp/fm-control-relaunch.NHgaJt/same-15888/home/state/rl1.git-hooks/applypatch-msg: Permission denied
rm: /Users/mremond/.no-mistakes/worktrees/acf4a767348a/01M4AX10ZC7N8D2XBFQHB3V6A5/.test-6202/relaunch-tmp/fm-control-relaunch.NHgaJt/same-15888/home/state/rl1.git-hooks/prepare-commit-msg: Permission denied
rm: /Users/mremond/.no-mistakes/worktrees/acf4a767348a/01M4AX10ZC7N8D2XBFQHB3V6A5/.test-6202/relaunch-tmp/fm-control-relaunch.NHgaJt/same-15888/home/state/rl1.git-hooks/post-checkout: Permission denied
rm: /Users/mremond/.no-mistakes/worktrees/acf4a767348a/01M4AX10ZC7N8D2XBFQHB3V6A5/.test-6202/relaunch-tmp/fm-control-relaunch.NHgaJt/same-15888/home/state/rl1.git-hooks/post-applypatch: Permission denied
rm: /Users/mremond/.no-mistakes/worktrees/acf4a767348a/01M4AX10ZC7N8D2XBFQHB3V6A5/.test-6202/relaunch-tmp/fm-control-relaunch.NHgaJt/same-15888/home/state/rl1.git-hooks/post-rewrite: Permission denied
rm: /Users/mremond/.no-mistakes/worktrees/acf4a767348a/01M4AX10ZC7N8D2XBFQHB3V6A5/.test-6202/relaunch-tmp/fm-control-relaunch.NHgaJt/same-15888/home/state/rl1.git-hooks/commit-msg: Permission denied
rm: /Users/mremond/.no-mistakes/worktrees/acf4a767348a/01M4AX10ZC7N8D2XBFQHB3V6A5/.test-6202/relaunch-tmp/fm-control-relaunch.NHgaJt/same-15888/home/state/rl1.git-hooks/pre-push: Permission denied
rm: /Users/mremond/.no-mistakes/worktrees/acf4a767348a/01M4AX10ZC7N8D2XBFQHB3V6A5/.test-6202/relaunch-tmp/fm-control-relaunch.NHgaJt/same-15888/home/state/rl1.git-hooks/post-merge: Permission denied
rm: /Users/mremond/.no-mistakes/worktrees/acf4a767348a/01M4AX10ZC7N8D2XBFQHB3V6A5/.test-6202/relaunch-tmp/fm-control-relaunch.NHgaJt/same-15888/home/state/rl1.git-hooks/pre-commit: Permission denied
rm: /Users/mremond/.no-mistakes/worktrees/acf4a767348a/01M4AX10ZC7N8D2XBFQHB3V6A5/.test-6202/relaunch-tmp/fm-control-relaunch.NHgaJt/same-15888/home/state/rl1.git-hooks: Directory not empty
rm: /Users/mremond/.no-mistakes/worktrees/acf4a767348a/01M4AX10ZC7N8D2XBFQHB3V6A5/.test-6202/relaunch-tmp/fm-control-relaunch.NHgaJt/same-15888/home/state: Directory not empty
rm: /Users/mremond/.no-mistakes/worktrees/acf4a767348a/01M4AX10ZC7N8D2XBFQHB3V6A5/.test-6202/relaunch-tmp/fm-control-relaunch.NHgaJt/same-15888/home: Directory not empty
rm: /Users/mremond/.no-mistakes/worktrees/acf4a767348a/01M4AX10ZC7N8D2XBFQHB3V6A5/.test-6202/relaunch-tmp/fm-control-relaunch.NHgaJt/same-15888: Directory not empty
rm: /Users/mremond/.no-mistakes/worktrees/acf4a767348a/01M4AX10ZC7N8D2XBFQHB3V6A5/.test-6202/relaunch-tmp/fm-control-relaunch.NHgaJt/drifted-28933/home/state/rl41.git-hooks/pre-rebase: Permission denied
rm: /Users/mremond/.no-mistakes/worktrees/acf4a767348a/01M4AX10ZC7N8D2XBFQHB3V6A5/.test-6202/relaunch-tmp/fm-control-relaunch.NHgaJt/drifted-28933/home/state/rl41.git-hooks/pre-applypatch: Permission denied
rm: /Users/mremond/.no-mistakes/worktrees/acf4a767348a/01M4AX10ZC7N8D2XBFQHB3V6A5/.test-6202/relaunch-tmp/fm-control-relaunch.NHgaJt/drifted-28933/home/state/rl41.git-hooks/pre-auto-gc: Permission denied
rm: /Users/mremond/.no-mistakes/worktrees/acf4a767348a/01M4AX10ZC7N8D2XBFQHB3V6A5/.test-6202/relaunch-tmp/fm-control-relaunch.NHgaJt/drifted-28933/home/state/rl41.git-hooks/pre-merge-commit: Permission denied
rm: /Users/mremond/.no-mistakes/worktrees/acf4a767348a/01M4AX10ZC7N8D2XBFQHB3V6A5/.test-6202/relaunch-tmp/fm-control-relaunch.NHgaJt/drifted-28933/home/state/rl41.git-hooks/post-commit: Permission denied
rm: /Users/mremond/.no-mistakes/worktrees/acf4a767348a/01M4AX10ZC7N8D2XBFQHB3V6A5/.test-6202/relaunch-tmp/fm-control-relaunch.NHgaJt/drifted-28933/home/state/rl41.git-hooks/sendemail-validate: Permission denied
rm: /Users/mremond/.no-mistakes/worktrees/acf4a767348a/01M4AX10ZC7N8D2XBFQHB3V6A5/.test-6202/relaunch-tmp/fm-control-relaunch.NHgaJt/drifted-28933/home/state/rl41.git-hooks/applypatch-msg: Permission denied
rm: /Users/mremond/.no-mistakes/worktrees/acf4a767348a/01M4AX10ZC7N8D2XBFQHB3V6A5/.test-6202/relaunch-tmp/fm-control-relaunch.NHgaJt/drifted-28933/home/state/rl41.git-hooks/prepare-commit-msg: Permission denied
rm: /Users/mremond/.no-mistakes/worktrees/acf4a767348a/01M4AX10ZC7N8D2XBFQHB3V6A5/.test-6202/relaunch-tmp/fm-control-relaunch.NHgaJt/drifted-28933/home/state/rl41.git-hooks/post-checkout: Permission denied
rm: /Users/mremond/.no-mistakes/worktrees/acf4a767348a/01M4AX10ZC7N8D2XBFQHB3V6A5/.test-6202/relaunch-tmp/fm-control-relaunch.NHgaJt/drifted-28933/home/state/rl41.git-hooks/post-applypatch: Permission denied
rm: /Users/mremond/.no-mistakes/worktrees/acf4a767348a/01M4AX10ZC7N8D2XBFQHB3V6A5/.test-6202/relaunch-tmp/fm-control-relaunch.NHgaJt/drifted-28933/home/state/rl41.git-hooks/post-rewrite: Permission denied
rm: /Users/mremond/.no-mistakes/worktrees/acf4a767348a/01M4AX10ZC7N8D2XBFQHB3V6A5/.test-6202/relaunch-tmp/fm-control-relaunch.NHgaJt/drifted-28933/home/state/rl41.git-hooks/commit-msg: Permission denied
rm: /Users/mremond/.no-mistakes/worktrees/acf4a767348a/01M4AX10ZC7N8D2XBFQHB3V6A5/.test-6202/relaunch-tmp/fm-control-relaunch.NHgaJt/drifted-28933/home/state/rl41.git-hooks/pre-push: Permission denied
rm: /Users/mremond/.no-mistakes/worktrees/acf4a767348a/01M4AX10ZC7N8D2XBFQHB3V6A5/.test-6202/relaunch-tmp/fm-control-relaunch.NHgaJt/drifted-28933/home/state/rl41.git-hooks/post-merge: Permission denied
rm: /Users/mremond/.no-mistakes/worktrees/acf4a767348a/01M4AX10ZC7N8D2XBFQHB3V6A5/.test-6202/relaunch-tmp/fm-control-relaunch.NHgaJt/drifted-28933/home/state/rl41.git-hooks/pre-commit: Permission denied
rm: /Users/mremond/.no-mistakes/worktrees/acf4a767348a/01M4AX10ZC7N8D2XBFQHB3V6A5/.test-6202/relaunch-tmp/fm-control-relaunch.NHgaJt/drifted-28933/home/state/rl41.git-hooks: Directory not empty
rm: /Users/mremond/.no-mistakes/worktrees/acf4a767348a/01M4AX10ZC7N8D2XBFQHB3V6A5/.test-6202/relaunch-tmp/fm-control-relaunch.NHgaJt/drifted-28933/home/state: Directory not empty
rm: /Users/mremond/.no-mistakes/worktrees/acf4a767348a/01M4AX10ZC7N8D2XBFQHB3V6A5/.test-6202/relaunch-tmp/fm-control-relaunch.NHgaJt/drifted-28933/home: Directory not empty
rm: /Users/mremond/.no-mistakes/worktrees/acf4a767348a/01M4AX10ZC7N8D2XBFQHB3V6A5/.test-6202/relaunch-tmp/fm-control-relaunch.NHgaJt/drifted-28933: Directory not empty
rm: /Users/mremond/.no-mistakes/worktrees/acf4a767348a/01M4AX10ZC7N8D2XBFQHB3V6A5/.test-6202/relaunch-tmp/fm-control-relaunch.NHgaJt/prepublishcleanup-19308/home/state/rl28.git-hooks/pre-rebase: Permission denied
rm: /Users/mremond/.no-mistakes/worktrees/acf4a767348a/01M4AX10ZC7N8D2XBFQHB3V6A5/.test-6202/relaunch-tmp/fm-control-relaunch.NHgaJt/prepublishcleanup-19308/home/state/rl28.git-hooks/pre-applypatch: Permission denied
rm: /Users/mremond/.no-mistakes/worktrees/acf4a767348a/01M4AX10ZC7N8D2XBFQHB3V6A5/.test-6202/relaunch-tmp/fm-control-relaunch.NHgaJt/prepublishcleanup-19308/home/state/rl28.git-hooks/pre-auto-gc: Permission denied
rm: /Users/mremond/.no-mistakes/worktrees/acf4a767348a/01M4AX10ZC7N8D2XBFQHB3V6A5/.test-6202/relaunch-tmp/fm-control-relaunch.NHgaJt/prepublishcleanup-19308/home/state/rl28.git-hooks/pre-merge-commit: Permission denied
rm: /Users/mremond/.no-mistakes/worktrees/acf4a767348a/01M4AX10ZC7N8D2XBFQHB3V6A5/.test-6202/relaunch-tmp/fm-control-relaunch.NHgaJt/prepublishcleanup-19308/home/state/rl28.git-hooks/post-commit: Permission denied
rm: /Users/mremond/.no-mistakes/worktrees/acf4a767348a/01M4AX10ZC7N8D2XBFQHB3V6A5/.test-6202/relaunch-tmp/fm-control-relaunch.NHgaJt/prepublishcleanup-19308/home/state/rl28.git-hooks/sendemail-validate: Permission denied
rm: /Users/mremond/.no-mistakes/worktrees/acf4a767348a/01M4AX10ZC7N8D2XBFQHB3V6A5/.test-6202/relaunch-tmp/fm-control-relaunch.NHgaJt/prepublishcleanup-19308/home/state/rl28.git-hooks/applypatch-msg: Permission denied
rm: /Users/mremond/.no-mistakes/worktrees/acf4a767348a/01M4AX10ZC7N8D2XBFQHB3V6A5/.test-6202/relaunch-tmp/fm-control-relaunch.NHgaJt/prepublishcleanup-19308/home/state/rl28.git-hooks/prepare-commit-msg: Permission denied
rm: /Users/mremond/.no-mistakes/worktrees/acf4a767348a/01M4AX10ZC7N8D2XBFQHB3V6A5/.test-6202/relaunch-tmp/fm-control-relaunch.NHgaJt/prepublishcleanup-19308/home/state/rl28.git-hooks/post-checkout: Permission denied
rm: /Users/mremond/.no-mistakes/worktrees/acf4a767348a/01M4AX10ZC7N8D2XBFQHB3V6A5/.test-6202/relaunch-tmp/fm-control-relaunch.NHgaJt/prepublishcleanup-19308/home/state/rl28.git-hooks/post-applypatch: Permission denied
rm: /Users/mremond/.no-mistakes/worktrees/acf4a767348a/01M4AX10ZC7N8D2XBFQHB3V6A5/.test-6202/relaunch-tmp/fm-control-relaunch.NHgaJt/prepublishcleanup-19308/home/state/rl28.git-hooks/post-rewrite: Permission denied
rm: /Users/mremond/.no-mistakes/worktrees/acf4a767348a/01M4AX10ZC7N8D2XBFQHB3V6A5/.test-6202/relaunch-tmp/fm-control-relaunch.NHgaJt/prepublishcleanup-19308/home/state/rl28.git-hooks/commit-msg: Permission denied
rm: /Users/mremond/.no-mistakes/worktrees/acf4a767348a/01M4AX10ZC7N8D2XBFQHB3V6A5/.test-6202/relaunch-tmp/fm-control-relaunch.NHgaJt/prepublishcleanup-19308/home/state/rl28.git-hooks/pre-push: Permission denied
rm: /Users/mremond/.no-mistakes/worktrees/acf4a767348a/01M4AX10ZC7N8D2XBFQHB3V6A5/.test-6202/relaunch-tmp/fm-control-relaunch.NHgaJt/prepublishcleanup-19308/home/state/rl28.git-hooks/post-merge: Permission denied
rm: /Users/mremond/.no-mistakes/worktrees/acf4a767348a/01M4AX10ZC7N8D2XBFQHB3V6A5/.test-6202/relaunch-tmp/fm-control-relaunch.NHgaJt/prepublishcleanup-19308/home/state/rl28.git-hooks/pre-commit: Permission denied
rm: /Users/mremond/.no-mistakes/worktrees/acf4a767348a/01M4AX10ZC7N8D2XBFQHB3V6A5/.test-6202/relaunch-tmp/fm-control-relaunch.NHgaJt/prepublishcleanup-19308/home/state/rl28.git-hooks: Directory not empty
rm: /Users/mremond/.no-mistakes/worktrees/acf4a767348a/01M4AX10ZC7N8D2XBFQHB3V6A5/.test-6202/relaunch-tmp/fm-control-relaunch.NHgaJt/prepublishcleanup-19308/home/state: Directory not empty
rm: /Users/mremond/.no-mistakes/worktrees/acf4a767348a/01M4AX10ZC7N8D2XBFQHB3V6A5/.test-6202/relaunch-tmp/fm-control-relaunch.NHgaJt/prepublishcleanup-19308/home: Directory not empty
rm: /Users/mremond/.no-mistakes/worktrees/acf4a767348a/01M4AX10ZC7N8D2XBFQHB3V6A5/.test-6202/relaunch-tmp/fm-control-relaunch.NHgaJt/prepublishcleanup-19308: Directory not empty
rm: /Users/mremond/.no-mistakes/worktrees/acf4a767348a/01M4AX10ZC7N8D2XBFQHB3V6A5/.test-6202/relaunch-tmp/fm-control-relaunch.NHgaJt/continuous-meta-lock-14254/home/state/rl38.git-hooks/pre-rebase: Permission denied
rm: /Users/mremond/.no-mistakes/worktrees/acf4a767348a/01M4AX10ZC7N8D2XBFQHB3V6A5/.test-6202/relaunch-tmp/fm-control-relaunch.NHgaJt/continuous-meta-lock-14254/home/state/rl38.git-hooks/pre-applypatch: Permission denied
rm: /Users/mremond/.no-mistakes/worktrees/acf4a767348a/01M4AX10ZC7N8D2XBFQHB3V6A5/.test-6202/relaunch-tmp/fm-control-relaunch.NHgaJt/continuous-meta-lock-14254/home/state/rl38.git-hooks/pre-auto-gc: Permission denied
rm: /Users/mremond/.no-mistakes/worktrees/acf4a767348a/01M4AX10ZC7N8D2XBFQHB3V6A5/.test-6202/relaunch-tmp/fm-control-relaunch.NHgaJt/continuous-meta-lock-14254/home/state/rl38.git-hooks/pre-merge-commit: Permission denied
rm: /Users/mremond/.no-mistakes/worktrees/acf4a767348a/01M4AX10ZC7N8D2XBFQHB3V6A5/.test-6202/relaunch-tmp/fm-control-relaunch.NHgaJt/continuous-meta-lock-14254/home/state/rl38.git-hooks/post-commit: Permission denied
rm: /Users/mremond/.no-mistakes/worktrees/acf4a767348a/01M4AX10ZC7N8D2XBFQHB3V6A5/.test-6202/relaunch-tmp/fm-control-relaunch.NHgaJt/continuous-meta-lock-14254/home/state/rl38.git-hooks/sendemail-validate: Permission denied
rm: /Users/mremond/.no-mistakes/worktrees/acf4a767348a/01M4AX10ZC7N8D2XBFQHB3V6A5/.test-6202/relaunch-tmp/fm-control-relaunch.NHgaJt/continuous-meta-lock-14254/home/state/rl38.git-hooks/applypatch-msg: Permission denied
rm: /Users/mremond/.no-mistakes/worktrees/acf4a767348a/01M4AX10ZC7N8D2XBFQHB3V6A5/.test-6202/relaunch-tmp/fm-control-relaunch.NHgaJt/continuous-meta-lock-14254/home/state/rl38.git-hooks/prepare-commit-msg: Permission denied
rm: /Users/mremond/.no-mistakes/worktrees/acf4a767348a/01M4AX10ZC7N8D2XBFQHB3V6A5/.test-6202/relaunch-tmp/fm-control-relaunch.NHgaJt/continuous-meta-lock-14254/home/state/rl38.git-hooks/post-checkout: Permission denied
rm: /Users/mremond/.no-mistakes/worktrees/acf4a767348a/01M4AX10ZC7N8D2XBFQHB3V6A5/.test-6202/relaunch-tmp/fm-control-relaunch.NHgaJt/continuous-meta-lock-14254/home/state/rl38.git-hooks/post-applypatch: Permission denied
rm: /Users/mremond/.no-mistakes/worktrees/acf4a767348a/01M4AX10ZC7N8D2XBFQHB3V6A5/.test-6202/relaunch-tmp/fm-control-relaunch.NHgaJt/continuous-meta-lock-14254/home/state/rl38.git-hooks/post-rewrite: Permission denied
rm: /Users/mremond/.no-mistakes/worktrees/acf4a767348a/01M4AX10ZC7N8D2XBFQHB3V6A5/.test-6202/relaunch-tmp/fm-control-relaunch.NHgaJt/continuous-meta-lock-14254/home/state/rl38.git-hooks/commit-msg: Permission denied
rm: /Users/mremond/.no-mistakes/worktrees/acf4a767348a/01M4AX10ZC7N8D2XBFQHB3V6A5/.test-6202/relaunch-tmp/fm-control-relaunch.NHgaJt/continuous-meta-lock-14254/home/state/rl38.git-hooks/pre-push: Permission denied
rm: /Users/mremond/.no-mistakes/worktrees/acf4a767348a/01M4AX10ZC7N8D2XBFQHB3V6A5/.test-6202/relaunch-tmp/fm-control-relaunch.NHgaJt/continuous-meta-lock-14254/home/state/rl38.git-hooks/post-merge: Permission denied
rm: /Users/mremond/.no-mistakes/worktrees/acf4a767348a/01M4AX10ZC7N8D2XBFQHB3V6A5/.test-6202/relaunch-tmp/fm-control-relaunch.NHgaJt/continuous-meta-lock-14254/home/state/rl38.git-hooks/pre-commit: Permission denied
rm: /Users/mremond/.no-mistakes/worktrees/acf4a767348a/01M4AX10ZC7N8D2XBFQHB3V6A5/.test-6202/relaunch-tmp/fm-control-relaunch.NHgaJt/continuous-meta-lock-14254/home/state/rl38.git-hooks: Directory not empty
rm: /Users/mremond/.no-mistakes/worktrees/acf4a767348a/01M4AX10ZC7N8D2XBFQHB3V6A5/.test-6202/relaunch-tmp/fm-control-relaunch.NHgaJt/continuous-meta-lock-14254/home/state: Directory not empty
rm: /Users/mremond/.no-mistakes/worktrees/acf4a767348a/01M4AX10ZC7N8D2XBFQHB3V6A5/.test-6202/relaunch-tmp/fm-control-relaunch.NHgaJt/continuous-meta-lock-14254/home: Directory not empty
rm: /Users/mremond/.no-mistakes/worktrees/acf4a767348a/01M4AX10ZC7N8D2XBFQHB3V6A5/.test-6202/relaunch-tmp/fm-control-relaunch.NHgaJt/continuous-meta-lock-14254: Directory not empty
rm: /Users/mremond/.no-mistakes/worktrees/acf4a767348a/01M4AX10ZC7N8D2XBFQHB3V6A5/.test-6202/relaunch-tmp/fm-control-relaunch.NHgaJt/journal-1141/home/state/rl14.git-hooks/pre-rebase: Permission denied
rm: /Users/mremond/.no-mistakes/worktrees/acf4a767348a/01M4AX10ZC7N8D2XBFQHB3V6A5/.test-6202/relaunch-tmp/fm-control-relaunch.NHgaJt/journal-1141/home/state/rl14.git-hooks/pre-applypatch: Permission denied
rm: /Users/mremond/.no-mistakes/worktrees/acf4a767348a/01M4AX10ZC7N8D2XBFQHB3V6A5/.test-6202/relaunch-tmp/fm-control-relaunch.NHgaJt/journal-1141/home/state/rl14.git-hooks/pre-auto-gc: Permission denied
rm: /Users/mremond/.no-mistakes/worktrees/acf4a767348a/01M4AX10ZC7N8D2XBFQHB3V6A5/.test-6202/relaunch-tmp/fm-control-relaunch.NHgaJt/journal-1141/home/state/rl14.git-hooks/pre-merge-commit: Permission denied
rm: /Users/mremond/.no-mistakes/worktrees/acf4a767348a/01M4AX10ZC7N8D2XBFQHB3V6A5/.test-6202/relaunch-tmp/fm-control-relaunch.NHgaJt/journal-1141/home/state/rl14.git-hooks/post-commit: Permission denied
rm: /Users/mremond/.no-mistakes/worktrees/acf4a767348a/01M4AX10ZC7N8D2XBFQHB3V6A5/.test-6202/relaunch-tmp/fm-control-relaunch.NHgaJt/journal-1141/home/state/rl14.git-hooks/sendemail-validate: Permission denied
rm: /Users/mremond/.no-mistakes/worktrees/acf4a767348a/01M4AX10ZC7N8D2XBFQHB3V6A5/.test-6202/relaunch-tmp/fm-control-relaunch.NHgaJt/journal-1141/home/state/rl14.git-hooks/applypatch-msg: Permission denied
rm: /Users/mremond/.no-mistakes/worktrees/acf4a767348a/01M4AX10ZC7N8D2XBFQHB3V6A5/.test-6202/relaunch-tmp/fm-control-relaunch.NHgaJt/journal-1141/home/state/rl14.git-hooks/prepare-commit-msg: Permission denied
rm: /Users/mremond/.no-mistakes/worktrees/acf4a767348a/01M4AX10ZC7N8D2XBFQHB3V6A5/.test-6202/relaunch-tmp/fm-control-relaunch.NHgaJt/journal-1141/home/state/rl14.git-hooks/post-checkout: Permission denied
rm: /Users/mremond/.no-mistakes/worktrees/acf4a767348a/01M4AX10ZC7N8D2XBFQHB3V6A5/.test-6202/relaunch-tmp/fm-control-relaunch.NHgaJt/journal-1141/home/state/rl14.git-hooks/post-applypatch: Permission denied
rm: /Users/mremond/.no-mistakes/worktrees/acf4a767348a/01M4AX10ZC7N8D2XBFQHB3V6A5/.test-6202/relaunch-tmp/fm-control-relaunch.NHgaJt/journal-1141/home/state/rl14.git-hooks/post-rewrite: Permission denied
rm: /Users/mremond/.no-mistakes/worktrees/acf4a767348a/01M4AX10ZC7N8D2XBFQHB3V6A5/.test-6202/relaunch-tmp/fm-control-relaunch.NHgaJt/journal-1141/home/state/rl14.git-hooks/commit-msg: Permission denied
rm: /Users/mremond/.no-mistakes/worktrees/acf4a767348a/01M4AX10ZC7N8D2XBFQHB3V6A5/.test-6202/relaunch-tmp/fm-control-relaunch.NHgaJt/journal-1141/home/state/rl14.git-hooks/pre-push: Permission denied
rm: /Users/mremond/.no-mistakes/worktrees/acf4a767348a/01M4AX10ZC7N8D2XBFQHB3V6A5/.test-6202/relaunch-tmp/fm-control-relaunch.NHgaJt/journal-1141/home/state/rl14.git-hooks/post-merge: Permission denied
rm: /Users/mremond/.no-mistakes/worktrees/acf4a767348a/01M4AX10ZC7N8D2XBFQHB3V6A5/.test-6202/relaunch-tmp/fm-control-relaunch.NHgaJt/journal-1141/home/state/rl14.git-hooks/pre-commit: Permission denied
rm: /Users/mremond/.no-mistakes/worktrees/acf4a767348a/01M4AX10ZC7N8D2XBFQHB3V6A5/.test-6202/relaunch-tmp/fm-control-relaunch.NHgaJt/journal-1141/home/state/rl14.git-hooks: Directory not empty
rm: /Users/mremond/.no-mistakes/worktrees/acf4a767348a/01M4AX10ZC7N8D2XBFQHB3V6A5/.test-6202/relaunch-tmp/fm-control-relaunch.NHgaJt/journal-1141/home/state: Directory not empty
rm: /Users/mremond/.no-mistakes/worktrees/acf4a767348a/01M4AX10ZC7N8D2XBFQHB3V6A5/.test-6202/relaunch-tmp/fm-control-relaunch.NHgaJt/journal-1141/home: Directory not empty
rm: /Users/mremond/.no-mistakes/worktrees/acf4a767348a/01M4AX10ZC7N8D2XBFQHB3V6A5/.test-6202/relaunch-tmp/fm-control-relaunch.NHgaJt/journal-1141: Directory not empty
rm: /Users/mremond/.no-mistakes/worktrees/acf4a767348a/01M4AX10ZC7N8D2XBFQHB3V6A5/.test-6202/relaunch-tmp/fm-control-relaunch.NHgaJt/promoted-scout-direct-PR-15837/home/state/rl-promoted-direct-PR.git-hooks/pre-rebase: Permission denied
rm: /Users/mremond/.no-mistakes/worktrees/acf4a767348a/01M4AX10ZC7N8D2XBFQHB3V6A5/.test-6202/relaunch-tmp/fm-control-relaunch.NHgaJt/promoted-scout-direct-PR-15837/home/state/rl-promoted-direct-PR.git-hooks/pre-applypatch: Permission denied
rm: /Users/mremond/.no-mistakes/worktrees/acf4a767348a/01M4AX10ZC7N8D2XBFQHB3V6A5/.test-6202/relaunch-tmp/fm-control-relaunch.NHgaJt/promoted-scout-direct-PR-15837/home/state/rl-promoted-direct-PR.git-hooks/pre-auto-gc: Permission denied
rm: /Users/mremond/.no-mistakes/worktrees/acf4a767348a/01M4AX10ZC7N8D2XBFQHB3V6A5/.test-6202/relaunch-tmp/fm-control-relaunch.NHgaJt/promoted-scout-direct-PR-15837/home/state/rl-promoted-direct-PR.git-hooks/pre-merge-commit: Permission denied
rm: /Users/mremond/.no-mistakes/worktrees/acf4a767348a/01M4AX10ZC7N8D2XBFQHB3V6A5/.test-6202/relaunch-tmp/fm-control-relaunch.NHgaJt/promoted-scout-direct-PR-15837/home/state/rl-promoted-direct-PR.git-hooks/post-commit: Permission denied
rm: /Users/mremond/.no-mistakes/worktrees/acf4a767348a/01M4AX10ZC7N8D2XBFQHB3V6A5/.test-6202/relaunch-tmp/fm-control-relaunch.NHgaJt/promoted-scout-direct-PR-15837/home/state/rl-promoted-direct-PR.git-hooks/sendemail-validate: Permission denied
rm: /Users/mremond/.no-mistakes/worktrees/acf4a767348a/01M4AX10ZC7N8D2XBFQHB3V6A5/.test-6202/relaunch-tmp/fm-control-relaunch.NHgaJt/promoted-scout-direct-PR-15837/home/state/rl-promoted-direct-PR.git-hooks/applypatch-msg: Permission denied
rm: /Users/mremond/.no-mistakes/worktrees/acf4a767348a/01M4AX10ZC7N8D2XBFQHB3V6A5/.test-6202/relaunch-tmp/fm-control-relaunch.NHgaJt/promoted-scout-direct-PR-15837/home/state/rl-promoted-direct-PR.git-hooks/prepare-commit-msg: Permission denied
rm: /Users/mremond/.no-mistakes/worktrees/acf4a767348a/01M4AX10ZC7N8D2XBFQHB3V6A5/.test-6202/relaunch-tmp/fm-control-relaunch.NHgaJt/promoted-scout-direct-PR-15837/home/state/rl-promoted-direct-PR.git-hooks/post-checkout: Permission denied
rm: /Users/mremond/.no-mistakes/worktrees/acf4a767348a/01M4AX10ZC7N8D2XBFQHB3V6A5/.test-6202/relaunch-tmp/fm-control-relaunch.NHgaJt/promoted-scout-direct-PR-15837/home/state/rl-promoted-direct-PR.git-hooks/post-applypatch: Permission denied
rm: /Users/mremond/.no-mistakes/worktrees/acf4a767348a/01M4AX10ZC7N8D2XBFQHB3V6A5/.test-6202/relaunch-tmp/fm-control-relaunch.NHgaJt/promoted-scout-direct-PR-15837/home/state/rl-promoted-direct-PR.git-hooks/post-rewrite: Permission denied
rm: /Users/mremond/.no-mistakes/worktrees/acf4a767348a/01M4AX10ZC7N8D2XBFQHB3V6A5/.test-6202/relaunch-tmp/fm-control-relaunch.NHgaJt/promoted-scout-direct-PR-15837/home/state/rl-promoted-direct-PR.git-hooks/commit-msg: Permission denied
rm: /Users/mremond/.no-mistakes/worktrees/acf4a767348a/01M4AX10ZC7N8D2XBFQHB3V6A5/.test-6202/relaunch-tmp/fm-control-relaunch.NHgaJt/promoted-scout-direct-PR-15837/home/state/rl-promoted-direct-PR.git-hooks/pre-push: Permission denied
rm: /Users/mremond/.no-mistakes/worktrees/acf4a767348a/01M4AX10ZC7N8D2XBFQHB3V6A5/.test-6202/relaunch-tmp/fm-control-relaunch.NHgaJt/promoted-scout-direct-PR-15837/home/state/rl-promoted-direct-PR.git-hooks/post-merge: Permission denied
rm: /Users/mremond/.no-mistakes/worktrees/acf4a767348a/01M4AX10ZC7N8D2XBFQHB3V6A5/.test-6202/relaunch-tmp/fm-control-relaunch.NHgaJt/promoted-scout-direct-PR-15837/home/state/rl-promoted-direct-PR.git-hooks/pre-commit: Permission denied
rm: /Users/mremond/.no-mistakes/worktrees/acf4a767348a/01M4AX10ZC7N8D2XBFQHB3V6A5/.test-6202/relaunch-tmp/fm-control-relaunch.NHgaJt/promoted-scout-direct-PR-15837/home/state/rl-promoted-direct-PR.git-hooks: Directory not empty
rm: /Users/mremond/.no-mistakes/worktrees/acf4a767348a/01M4AX10ZC7N8D2XBFQHB3V6A5/.test-6202/relaunch-tmp/fm-control-relaunch.NHgaJt/promoted-scout-direct-PR-15837/home/state: Directory not empty
rm: /Users/mremond/.no-mistakes/worktrees/acf4a767348a/01M4AX10ZC7N8D2XBFQHB3V6A5/.test-6202/relaunch-tmp/fm-control-relaunch.NHgaJt/promoted-scout-direct-PR-15837/home: Directory not empty
rm: /Users/mremond/.no-mistakes/worktrees/acf4a767348a/01M4AX10ZC7N8D2XBFQHB3V6A5/.test-6202/relaunch-tmp/fm-control-relaunch.NHgaJt/promoted-scout-direct-PR-15837: Directory not empty
rm: /Users/mremond/.no-mistakes/worktrees/acf4a767348a/01M4AX10ZC7N8D2XBFQHB3V6A5/.test-6202/relaunch-tmp/fm-control-relaunch.NHgaJt/resume-pi-31741/home/state/resume-pi.git-hooks/pre-rebase: Permission denied
rm: /Users/mremond/.no-mistakes/worktrees/acf4a767348a/01M4AX10ZC7N8D2XBFQHB3V6A5/.test-6202/relaunch-tmp/fm-control-relaunch.NHgaJt/resume-pi-31741/home/state/resume-pi.git-hooks/pre-applypatch: Permission denied
rm: /Users/mremond/.no-mistakes/worktrees/acf4a767348a/01M4AX10ZC7N8D2XBFQHB3V6A5/.test-6202/relaunch-tmp/fm-control-relaunch.NHgaJt/resume-pi-31741/home/state/resume-pi.git-hooks/pre-auto-gc: Permission denied
rm: /Users/mremond/.no-mistakes/worktrees/acf4a767348a/01M4AX10ZC7N8D2XBFQHB3V6A5/.test-6202/relaunch-tmp/fm-control-relaunch.NHgaJt/resume-pi-31741/home/state/resume-pi.git-hooks/pre-merge-commit: Permission denied
rm: /Users/mremond/.no-mistakes/worktrees/acf4a767348a/01M4AX10ZC7N8D2XBFQHB3V6A5/.test-6202/relaunch-tmp/fm-control-relaunch.NHgaJt/resume-pi-31741/home/state/resume-pi.git-hooks/post-commit: Permission denied
rm: /Users/mremond/.no-mistakes/worktrees/acf4a767348a/01M4AX10ZC7N8D2XBFQHB3V6A5/.test-6202/relaunch-tmp/fm-control-relaunch.NHgaJt/resume-pi-31741/home/state/resume-pi.git-hooks/sendemail-validate: Permission denied
rm: /Users/mremond/.no-mistakes/worktrees/acf4a767348a/01M4AX10ZC7N8D2XBFQHB3V6A5/.test-6202/relaunch-tmp/fm-control-relaunch.NHgaJt/resume-pi-31741/home/state/resume-pi.git-hooks/applypatch-msg: Permission denied
rm: /Users/mremond/.no-mistakes/worktrees/acf4a767348a/01M4AX10ZC7N8D2XBFQHB3V6A5/.test-6202/relaunch-tmp/fm-control-relaunch.NHgaJt/resume-pi-31741/home/state/resume-pi.git-hooks/prepare-commit-msg: Permission denied
rm: /Users/mremond/.no-mistakes/worktrees/acf4a767348a/01M4AX10ZC7N8D2XBFQHB3V6A5/.test-6202/relaunch-tmp/fm-control-relaunch.NHgaJt/resume-pi-31741/home/state/resume-pi.git-hooks/post-checkout: Permission denied
rm: /Users/mremond/.no-mistakes/worktrees/acf4a767348a/01M4AX10ZC7N8D2XBFQHB3V6A5/.test-6202/relaunch-tmp/fm-control-relaunch.NHgaJt/resume-pi-31741/home/state/resume-pi.git-hooks/post-applypatch: Permission denied
rm: /Users/mremond/.no-mistakes/worktrees/acf4a767348a/01M4AX10ZC7N8D2XBFQHB3V6A5/.test-6202/relaunch-tmp/fm-control-relaunch.NHgaJt/resume-pi-31741/home/state/resume-pi.git-hooks/post-rewrite: Permission denied
rm: /Users/mremond/.no-mistakes/worktrees/acf4a767348a/01M4AX10ZC7N8D2XBFQHB3V6A5/.test-6202/relaunch-tmp/fm-control-relaunch.NHgaJt/resume-pi-31741/home/state/resume-pi.git-hooks/commit-msg: Permission denied
rm: /Users/mremond/.no-mistakes/worktrees/acf4a767348a/01M4AX10ZC7N8D2XBFQHB3V6A5/.test-6202/relaunch-tmp/fm-control-relaunch.NHgaJt/resume-pi-31741/home/state/resume-pi.git-hooks/pre-push: Permission denied
rm: /Users/mremond/.no-mistakes/worktrees/acf4a767348a/01M4AX10ZC7N8D2XBFQHB3V6A5/.test-6202/relaunch-tmp/fm-control-relaunch.NHgaJt/resume-pi-31741/home/state/resume-pi.git-hooks/post-merge: Permission denied
rm: /Users/mremond/.no-mistakes/worktrees/acf4a767348a/01M4AX10ZC7N8D2XBFQHB3V6A5/.test-6202/relaunch-tmp/fm-control-relaunch.NHgaJt/resume-pi-31741/home/state/resume-pi.git-hooks/pre-commit: Permission denied
rm: /Users/mremond/.no-mistakes/worktrees/acf4a767348a/01M4AX10ZC7N8D2XBFQHB3V6A5/.test-6202/relaunch-tmp/fm-control-relaunch.NHgaJt/resume-pi-31741/home/state/resume-pi.git-hooks: Directory not empty
rm: /Users/mremond/.no-mistakes/worktrees/acf4a767348a/01M4AX10ZC7N8D2XBFQHB3V6A5/.test-6202/relaunch-tmp/fm-control-relaunch.NHgaJt/resume-pi-31741/home/state: Directory not empty
rm: /Users/mremond/.no-mistakes/worktrees/acf4a767348a/01M4AX10ZC7N8D2XBFQHB3V6A5/.test-6202/relaunch-tmp/fm-control-relaunch.NHgaJt/resume-pi-31741/home: Directory not empty
rm: /Users/mremond/.no-mistakes/worktrees/acf4a767348a/01M4AX10ZC7N8D2XBFQHB3V6A5/.test-6202/relaunch-tmp/fm-control-relaunch.NHgaJt/resume-pi-31741: Directory not empty
rm: /Users/mremond/.no-mistakes/worktrees/acf4a767348a/01M4AX10ZC7N8D2XBFQHB3V6A5/.test-6202/relaunch-tmp/fm-control-relaunch.NHgaJt/cursorwiring-5384/home/state/rl35.git-hooks/pre-rebase: Permission denied
rm: /Users/mremond/.no-mistakes/worktrees/acf4a767348a/01M4AX10ZC7N8D2XBFQHB3V6A5/.test-6202/relaunch-tmp/fm-control-relaunch.NHgaJt/cursorwiring-5384/home/state/rl35.git-hooks/pre-applypatch: Permission denied
rm: /Users/mremond/.no-mistakes/worktrees/acf4a767348a/01M4AX10ZC7N8D2XBFQHB3V6A5/.test-6202/relaunch-tmp/fm-control-relaunch.NHgaJt/cursorwiring-5384/home/state/rl35.git-hooks/pre-auto-gc: Permission denied
rm: /Users/mremond/.no-mistakes/worktrees/acf4a767348a/01M4AX10ZC7N8D2XBFQHB3V6A5/.test-6202/relaunch-tmp/fm-control-relaunch.NHgaJt/cursorwiring-5384/home/state/rl35.git-hooks/pre-merge-commit: Permission denied
rm: /Users/mremond/.no-mistakes/worktrees/acf4a767348a/01M4AX10ZC7N8D2XBFQHB3V6A5/.test-6202/relaunch-tmp/fm-control-relaunch.NHgaJt/cursorwiring-5384/home/state/rl35.git-hooks/post-commit: Permission denied
rm: /Users/mremond/.no-mistakes/worktrees/acf4a767348a/01M4AX10ZC7N8D2XBFQHB3V6A5/.test-6202/relaunch-tmp/fm-control-relaunch.NHgaJt/cursorwiring-5384/home/state/rl35.git-hooks/sendemail-validate: Permission denied
rm: /Users/mremond/.no-mistakes/worktrees/acf4a767348a/01M4AX10ZC7N8D2XBFQHB3V6A5/.test-6202/relaunch-tmp/fm-control-relaunch.NHgaJt/cursorwiring-5384/home/state/rl35.git-hooks/applypatch-msg: Permission denied
rm: /Users/mremond/.no-mistakes/worktrees/acf4a767348a/01M4AX10ZC7N8D2XBFQHB3V6A5/.test-6202/relaunch-tmp/fm-control-relaunch.NHgaJt/cursorwiring-5384/home/state/rl35.git-hooks/prepare-commit-msg: Permission denied
rm: /Users/mremond/.no-mistakes/worktrees/acf4a767348a/01M4AX10ZC7N8D2XBFQHB3V6A5/.test-6202/relaunch-tmp/fm-control-relaunch.NHgaJt/cursorwiring-5384/home/state/rl35.git-hooks/post-checkout: Permission denied
rm: /Users/mremond/.no-mistakes/worktrees/acf4a767348a/01M4AX10ZC7N8D2XBFQHB3V6A5/.test-6202/relaunch-tmp/fm-control-relaunch.NHgaJt/cursorwiring-5384/home/state/rl35.git-hooks/post-applypatch: Permission denied
rm: /Users/mremond/.no-mistakes/worktrees/acf4a767348a/01M4AX10ZC7N8D2XBFQHB3V6A5/.test-6202/relaunch-tmp/fm-control-relaunch.NHgaJt/cursorwiring-5384/home/state/rl35.git-hooks/post-rewrite: Permission denied
rm: /Users/mremond/.no-mistakes/worktrees/acf4a767348a/01M4AX10ZC7N8D2XBFQHB3V6A5/.test-6202/relaunch-tmp/fm-control-relaunch.NHgaJt/cursorwiring-5384/home/state/rl35.git-hooks/commit-msg: Permission denied
rm: /Users/mremond/.no-mistakes/worktrees/acf4a767348a/01M4AX10ZC7N8D2XBFQHB3V6A5/.test-6202/relaunch-tmp/fm-control-relaunch.NHgaJt/cursorwiring-5384/home/state/rl35.git-hooks/pre-push: Permission denied
rm: /Users/mremond/.no-mistakes/worktrees/acf4a767348a/01M4AX10ZC7N8D2XBFQHB3V6A5/.test-6202/relaunch-tmp/fm-control-relaunch.NHgaJt/cursorwiring-5384/home/state/rl35.git-hooks/post-merge: Permission denied
rm: /Users/mremond/.no-mistakes/worktrees/acf4a767348a/01M4AX10ZC7N8D2XBFQHB3V6A5/.test-6202/relaunch-tmp/fm-control-relaunch.NHgaJt/cursorwiring-5384/home/state/rl35.git-hooks/pre-commit: Permission denied
rm: /Users/mremond/.no-mistakes/worktrees/acf4a767348a/01M4AX10ZC7N8D2XBFQHB3V6A5/.test-6202/relaunch-tmp/fm-control-relaunch.NHgaJt/cursorwiring-5384/home/state/rl35.git-hooks: Directory not empty
rm: /Users/mremond/.no-mistakes/worktrees/acf4a767348a/01M4AX10ZC7N8D2XBFQHB3V6A5/.test-6202/relaunch-tmp/fm-control-relaunch.NHgaJt/cursorwiring-5384/home/state: Directory not empty
rm: /Users/mremond/.no-mistakes/worktrees/acf4a767348a/01M4AX10ZC7N8D2XBFQHB3V6A5/.test-6202/relaunch-tmp/fm-control-relaunch.NHgaJt/cursorwiring-5384/home: Directory not empty
rm: /Users/mremond/.no-mistakes/worktrees/acf4a767348a/01M4AX10ZC7N8D2XBFQHB3V6A5/.test-6202/relaunch-tmp/fm-control-relaunch.NHgaJt/cursorwiring-5384: Directory not empty
rm: /Users/mremond/.no-mistakes/worktrees/acf4a767348a/01M4AX10ZC7N8D2XBFQHB3V6A5/.test-6202/relaunch-tmp/fm-control-relaunch.NHgaJt/published-31208/home/state/rl24.git-hooks/pre-rebase: Permission denied
rm: /Users/mremond/.no-mistakes/worktrees/acf4a767348a/01M4AX10ZC7N8D2XBFQHB3V6A5/.test-6202/relaunch-tmp/fm-control-relaunch.NHgaJt/published-31208/home/state/rl24.git-hooks/pre-applypatch: Permission denied
rm: /Users/mremond/.no-mistakes/worktrees/acf4a767348a/01M4AX10ZC7N8D2XBFQHB3V6A5/.test-6202/relaunch-tmp/fm-control-relaunch.NHgaJt/published-31208/home/state/rl24.git-hooks/pre-auto-gc: Permission denied
rm: /Users/mremond/.no-mistakes/worktrees/acf4a767348a/01M4AX10ZC7N8D2XBFQHB3V6A5/.test-6202/relaunch-tmp/fm-control-relaunch.NHgaJt/published-31208/home/state/rl24.git-hooks/pre-merge-commit: Permission denied
rm: /Users/mremond/.no-mistakes/worktrees/acf4a767348a/01M4AX10ZC7N8D2XBFQHB3V6A5/.test-6202/relaunch-tmp/fm-control-relaunch.NHgaJt/published-31208/home/state/rl24.git-hooks/post-commit: Permission denied
rm: /Users/mremond/.no-mistakes/worktrees/acf4a767348a/01M4AX10ZC7N8D2XBFQHB3V6A5/.test-6202/relaunch-tmp/fm-control-relaunch.NHgaJt/published-31208/home/state/rl24.git-hooks/sendemail-validate: Permission denied
rm: /Users/mremond/.no-mistakes/worktrees/acf4a767348a/01M4AX10ZC7N8D2XBFQHB3V6A5/.test-6202/relaunch-tmp/fm-control-relaunch.NHgaJt/published-31208/home/state/rl24.git-hooks/applypatch-msg: Permission denied
rm: /Users/mremond/.no-mistakes/worktrees/acf4a767348a/01M4AX10ZC7N8D2XBFQHB3V6A5/.test-6202/relaunch-tmp/fm-control-relaunch.NHgaJt/published-31208/home/state/rl24.git-hooks/prepare-commit-msg: Permission denied
rm: /Users/mremond/.no-mistakes/worktrees/acf4a767348a/01M4AX10ZC7N8D2XBFQHB3V6A5/.test-6202/relaunch-tmp/fm-control-relaunch.NHgaJt/published-31208/home/state/rl24.git-hooks/post-checkout: Permission denied
rm: /Users/mremond/.no-mistakes/worktrees/acf4a767348a/01M4AX10ZC7N8D2XBFQHB3V6A5/.test-6202/relaunch-tmp/fm-control-relaunch.NHgaJt/published-31208/home/state/rl24.git-hooks/post-applypatch: Permission denied
rm: /Users/mremond/.no-mistakes/worktrees/acf4a767348a/01M4AX10ZC7N8D2XBFQHB3V6A5/.test-6202/relaunch-tmp/fm-control-relaunch.NHgaJt/published-31208/home/state/rl24.git-hooks/post-rewrite: Permission denied
rm: /Users/mremond/.no-mistakes/worktrees/acf4a767348a/01M4AX10ZC7N8D2XBFQHB3V6A5/.test-6202/relaunch-tmp/fm-control-relaunch.NHgaJt/published-31208/home/state/rl24.git-hooks/commit-msg: Permission denied
rm: /Users/mremond/.no-mistakes/worktrees/acf4a767348a/01M4AX10ZC7N8D2XBFQHB3V6A5/.test-6202/relaunch-tmp/fm-control-relaunch.NHgaJt/published-31208/home/state/rl24.git-hooks/pre-push: Permission denied
rm: /Users/mremond/.no-mistakes/worktrees/acf4a767348a/01M4AX10ZC7N8D2XBFQHB3V6A5/.test-6202/relaunch-tmp/fm-control-relaunch.NHgaJt/published-31208/home/state/rl24.git-hooks/post-merge: Permission denied
rm: /Users/mremond/.no-mistakes/worktrees/acf4a767348a/01M4AX10ZC7N8D2XBFQHB3V6A5/.test-6202/relaunch-tmp/fm-control-relaunch.NHgaJt/published-31208/home/state/rl24.git-hooks/pre-commit: Permission denied
rm: /Users/mremond/.no-mistakes/worktrees/acf4a767348a/01M4AX10ZC7N8D2XBFQHB3V6A5/.test-6202/relaunch-tmp/fm-control-relaunch.NHgaJt/published-31208/home/state/rl24.git-hooks: Directory not empty
rm: /Users/mremond/.no-mistakes/worktrees/acf4a767348a/01M4AX10ZC7N8D2XBFQHB3V6A5/.test-6202/relaunch-tmp/fm-control-relaunch.NHgaJt/published-31208/home/state: Directory not empty
rm: /Users/mremond/.no-mistakes/worktrees/acf4a767348a/01M4AX10ZC7N8D2XBFQHB3V6A5/.test-6202/relaunch-tmp/fm-control-relaunch.NHgaJt/published-31208/home: Directory not empty
rm: /Users/mremond/.no-mistakes/worktrees/acf4a767348a/01M4AX10ZC7N8D2XBFQHB3V6A5/.test-6202/relaunch-tmp/fm-control-relaunch.NHgaJt/published-31208: Directory not empty
rm: /Users/mremond/.no-mistakes/worktrees/acf4a767348a/01M4AX10ZC7N8D2XBFQHB3V6A5/.test-6202/relaunch-tmp/fm-control-relaunch.NHgaJt/promoted-scout-local-only-27378/home/state/rl-promoted-local-only.git-hooks/pre-rebase: Permission denied
rm: /Users/mremond/.no-mistakes/worktrees/acf4a767348a/01M4AX10ZC7N8D2XBFQHB3V6A5/.test-6202/relaunch-tmp/fm-control-relaunch.NHgaJt/promoted-scout-local-only-27378/home/state/rl-promoted-local-only.git-hooks/pre-applypatch: Permission denied
rm: /Users/mremond/.no-mistakes/worktrees/acf4a767348a/01M4AX10ZC7N8D2XBFQHB3V6A5/.test-6202/relaunch-tmp/fm-control-relaunch.NHgaJt/promoted-scout-local-only-27378/home/state/rl-promoted-local-only.git-hooks/pre-auto-gc: Permission denied
rm: /Users/mremond/.no-mistakes/worktrees/acf4a767348a/01M4AX10ZC7N8D2XBFQHB3V6A5/.test-6202/relaunch-tmp/fm-control-relaunch.NHgaJt/promoted-scout-local-only-27378/home/state/rl-promoted-local-only.git-hooks/pre-merge-commit: Permission denied
rm: /Users/mremond/.no-mistakes/worktrees/acf4a767348a/01M4AX10ZC7N8D2XBFQHB3V6A5/.test-6202/relaunch-tmp/fm-control-relaunch.NHgaJt/promoted-scout-local-only-27378/home/state/rl-promoted-local-only.git-hooks/post-commit: Permission denied
rm: /Users/mremond/.no-mistakes/worktrees/acf4a767348a/01M4AX10ZC7N8D2XBFQHB3V6A5/.test-6202/relaunch-tmp/fm-control-relaunch.NHgaJt/promoted-scout-local-only-27378/home/state/rl-promoted-local-only.git-hooks/sendemail-validate: Permission denied
rm: /Users/mremond/.no-mistakes/worktrees/acf4a767348a/01M4AX10ZC7N8D2XBFQHB3V6A5/.test-6202/relaunch-tmp/fm-control-relaunch.NHgaJt/promoted-scout-local-only-27378/home/state/rl-promoted-local-only.git-hooks/applypatch-msg: Permission denied
rm: /Users/mremond/.no-mistakes/worktrees/acf4a767348a/01M4AX10ZC7N8D2XBFQHB3V6A5/.test-6202/relaunch-tmp/fm-control-relaunch.NHgaJt/promoted-scout-local-only-27378/home/state/rl-promoted-local-only.git-hooks/prepare-commit-msg: Permission denied
rm: /Users/mremond/.no-mistakes/worktrees/acf4a767348a/01M4AX10ZC7N8D2XBFQHB3V6A5/.test-6202/relaunch-tmp/fm-control-relaunch.NHgaJt/promoted-scout-local-only-27378/home/state/rl-promoted-local-only.git-hooks/post-checkout: Permission denied
rm: /Users/mremond/.no-mistakes/worktrees/acf4a767348a/01M4AX10ZC7N8D2XBFQHB3V6A5/.test-6202/relaunch-tmp/fm-control-relaunch.NHgaJt/promoted-scout-local-only-27378/home/state/rl-promoted-local-only.git-hooks/post-applypatch: Permission denied
rm: /Users/mremond/.no-mistakes/worktrees/acf4a767348a/01M4AX10ZC7N8D2XBFQHB3V6A5/.test-6202/relaunch-tmp/fm-control-relaunch.NHgaJt/promoted-scout-local-only-27378/home/state/rl-promoted-local-only.git-hooks/post-rewrite: Permission denied
rm: /Users/mremond/.no-mistakes/worktrees/acf4a767348a/01M4AX10ZC7N8D2XBFQHB3V6A5/.test-6202/relaunch-tmp/fm-control-relaunch.NHgaJt/promoted-scout-local-only-27378/home/state/rl-promoted-local-only.git-hooks/commit-msg: Permission denied
rm: /Users/mremond/.no-mistakes/worktrees/acf4a767348a/01M4AX10ZC7N8D2XBFQHB3V6A5/.test-6202/relaunch-tmp/fm-control-relaunch.NHgaJt/promoted-scout-local-only-27378/home/state/rl-promoted-local-only.git-hooks/pre-push: Permission denied
rm: /Users/mremond/.no-mistakes/worktrees/acf4a767348a/01M4AX10ZC7N8D2XBFQHB3V6A5/.test-6202/relaunch-tmp/fm-control-relaunch.NHgaJt/promoted-scout-local-only-27378/home/state/rl-promoted-local-only.git-hooks/post-merge: Permission denied
rm: /Users/mremond/.no-mistakes/worktrees/acf4a767348a/01M4AX10ZC7N8D2XBFQHB3V6A5/.test-6202/relaunch-tmp/fm-control-relaunch.NHgaJt/promoted-scout-local-only-27378/home/state/rl-promoted-local-only.git-hooks/pre-commit: Permission denied
rm: /Users/mremond/.no-mistakes/worktrees/acf4a767348a/01M4AX10ZC7N8D2XBFQHB3V6A5/.test-6202/relaunch-tmp/fm-control-relaunch.NHgaJt/promoted-scout-local-only-27378/home/state/rl-promoted-local-only.git-hooks: Directory not empty
rm: /Users/mremond/.no-mistakes/worktrees/acf4a767348a/01M4AX10ZC7N8D2XBFQHB3V6A5/.test-6202/relaunch-tmp/fm-control-relaunch.NHgaJt/promoted-scout-local-only-27378/home/state: Directory not empty
rm: /Users/mremond/.no-mistakes/worktrees/acf4a767348a/01M4AX10ZC7N8D2XBFQHB3V6A5/.test-6202/relaunch-tmp/fm-control-relaunch.NHgaJt/promoted-scout-local-only-27378/home: Directory not empty
rm: /Users/mremond/.no-mistakes/worktrees/acf4a767348a/01M4AX10ZC7N8D2XBFQHB3V6A5/.test-6202/relaunch-tmp/fm-control-relaunch.NHgaJt/promoted-scout-local-only-27378: Directory not empty
rm: /Users/mremond/.no-mistakes/worktrees/acf4a767348a/01M4AX10ZC7N8D2XBFQHB3V6A5/.test-6202/relaunch-tmp/fm-control-relaunch.NHgaJt/grokauth-8481/home/state/rl9.git-hooks/pre-rebase: Permission denied
rm: /Users/mremond/.no-mistakes/worktrees/acf4a767348a/01M4AX10ZC7N8D2XBFQHB3V6A5/.test-6202/relaunch-tmp/fm-control-relaunch.NHgaJt/grokauth-8481/home/state/rl9.git-hooks/pre-applypatch: Permission denied
rm: /Users/mremond/.no-mistakes/worktrees/acf4a767348a/01M4AX10ZC7N8D2XBFQHB3V6A5/.test-6202/relaunch-tmp/fm-control-relaunch.NHgaJt/grokauth-8481/home/state/rl9.git-hooks/pre-auto-gc: Permission denied
rm: /Users/mremond/.no-mistakes/worktrees/acf4a767348a/01M4AX10ZC7N8D2XBFQHB3V6A5/.test-6202/relaunch-tmp/fm-control-relaunch.NHgaJt/grokauth-8481/home/state/rl9.git-hooks/pre-merge-commit: Permission denied
rm: /Users/mremond/.no-mistakes/worktrees/acf4a767348a/01M4AX10ZC7N8D2XBFQHB3V6A5/.test-6202/relaunch-tmp/fm-control-relaunch.NHgaJt/grokauth-8481/home/state/rl9.git-hooks/post-commit: Permission denied
rm: /Users/mremond/.no-mistakes/worktrees/acf4a767348a/01M4AX10ZC7N8D2XBFQHB3V6A5/.test-6202/relaunch-tmp/fm-control-relaunch.NHgaJt/grokauth-8481/home/state/rl9.git-hooks/sendemail-validate: Permission denied
rm: /Users/mremond/.no-mistakes/worktrees/acf4a767348a/01M4AX10ZC7N8D2XBFQHB3V6A5/.test-6202/relaunch-tmp/fm-control-relaunch.NHgaJt/grokauth-8481/home/state/rl9.git-hooks/applypatch-msg: Permission denied
rm: /Users/mremond/.no-mistakes/worktrees/acf4a767348a/01M4AX10ZC7N8D2XBFQHB3V6A5/.test-6202/relaunch-tmp/fm-control-relaunch.NHgaJt/grokauth-8481/home/state/rl9.git-hooks/prepare-commit-msg: Permission denied
rm: /Users/mremond/.no-mistakes/worktrees/acf4a767348a/01M4AX10ZC7N8D2XBFQHB3V6A5/.test-6202/relaunch-tmp/fm-control-relaunch.NHgaJt/grokauth-8481/home/state/rl9.git-hooks/post-checkout: Permission denied
rm: /Users/mremond/.no-mistakes/worktrees/acf4a767348a/01M4AX10ZC7N8D2XBFQHB3V6A5/.test-6202/relaunch-tmp/fm-control-relaunch.NHgaJt/grokauth-8481/home/state/rl9.git-hooks/post-applypatch: Permission denied
rm: /Users/mremond/.no-mistakes/worktrees/acf4a767348a/01M4AX10ZC7N8D2XBFQHB3V6A5/.test-6202/relaunch-tmp/fm-control-relaunch.NHgaJt/grokauth-8481/home/state/rl9.git-hooks/post-rewrite: Permission denied
rm: /Users/mremond/.no-mistakes/worktrees/acf4a767348a/01M4AX10ZC7N8D2XBFQHB3V6A5/.test-6202/relaunch-tmp/fm-control-relaunch.NHgaJt/grokauth-8481/home/state/rl9.git-hooks/commit-msg: Permission denied
rm: /Users/mremond/.no-mistakes/worktrees/acf4a767348a/01M4AX10ZC7N8D2XBFQHB3V6A5/.test-6202/relaunch-tmp/fm-control-relaunch.NHgaJt/grokauth-8481/home/state/rl9.git-hooks/pre-push: Permission denied
rm: /Users/mremond/.no-mistakes/worktrees/acf4a767348a/01M4AX10ZC7N8D2XBFQHB3V6A5/.test-6202/relaunch-tmp/fm-control-relaunch.NHgaJt/grokauth-8481/home/state/rl9.git-hooks/post-merge: Permission denied
rm: /Users/mremond/.no-mistakes/worktrees/acf4a767348a/01M4AX10ZC7N8D2XBFQHB3V6A5/.test-6202/relaunch-tmp/fm-control-relaunch.NHgaJt/grokauth-8481/home/state/rl9.git-hooks/pre-commit: Permission denied
rm: /Users/mremond/.no-mistakes/worktrees/acf4a767348a/01M4AX10ZC7N8D2XBFQHB3V6A5/.test-6202/relaunch-tmp/fm-control-relaunch.NHgaJt/grokauth-8481/home/state/rl9.git-hooks: Directory not empty
rm: /Users/mremond/.no-mistakes/worktrees/acf4a767348a/01M4AX10ZC7N8D2XBFQHB3V6A5/.test-6202/relaunch-tmp/fm-control-relaunch.NHgaJt/grokauth-8481/home/state: Directory not empty
rm: /Users/mremond/.no-mistakes/worktrees/acf4a767348a/01M4AX10ZC7N8D2XBFQHB3V6A5/.test-6202/relaunch-tmp/fm-control-relaunch.NHgaJt/grokauth-8481/home: Directory not empty
rm: /Users/mremond/.no-mistakes/worktrees/acf4a767348a/01M4AX10ZC7N8D2XBFQHB3V6A5/.test-6202/relaunch-tmp/fm-control-relaunch.NHgaJt/grokauth-8481: Directory not empty
rm: /Users/mremond/.no-mistakes/worktrees/acf4a767348a/01M4AX10ZC7N8D2XBFQHB3V6A5/.test-6202/relaunch-tmp/fm-control-relaunch.NHgaJt/trace-off-13868/home/state/rl33.git-hooks/pre-rebase: Permission denied
rm: /Users/mremond/.no-mistakes/worktrees/acf4a767348a/01M4AX10ZC7N8D2XBFQHB3V6A5/.test-6202/relaunch-tmp/fm-control-relaunch.NHgaJt/trace-off-13868/home/state/rl33.git-hooks/pre-applypatch: Permission denied
rm: /Users/mremond/.no-mistakes/worktrees/acf4a767348a/01M4AX10ZC7N8D2XBFQHB3V6A5/.test-6202/relaunch-tmp/fm-control-relaunch.NHgaJt/trace-off-13868/home/state/rl33.git-hooks/pre-auto-gc: Permission denied
rm: /Users/mremond/.no-mistakes/worktrees/acf4a767348a/01M4AX10ZC7N8D2XBFQHB3V6A5/.test-6202/relaunch-tmp/fm-control-relaunch.NHgaJt/trace-off-13868/home/state/rl33.git-hooks/pre-merge-commit: Permission denied
rm: /Users/mremond/.no-mistakes/worktrees/acf4a767348a/01M4AX10ZC7N8D2XBFQHB3V6A5/.test-6202/relaunch-tmp/fm-control-relaunch.NHgaJt/trace-off-13868/home/state/rl33.git-hooks/post-commit: Permission denied
rm: /Users/mremond/.no-mistakes/worktrees/acf4a767348a/01M4AX10ZC7N8D2XBFQHB3V6A5/.test-6202/relaunch-tmp/fm-control-relaunch.NHgaJt/trace-off-13868/home/state/rl33.git-hooks/sendemail-validate: Permission denied
rm: /Users/mremond/.no-mistakes/worktrees/acf4a767348a/01M4AX10ZC7N8D2XBFQHB3V6A5/.test-6202/relaunch-tmp/fm-control-relaunch.NHgaJt/trace-off-13868/home/state/rl33.git-hooks/applypatch-msg: Permission denied
rm: /Users/mremond/.no-mistakes/worktrees/acf4a767348a/01M4AX10ZC7N8D2XBFQHB3V6A5/.test-6202/relaunch-tmp/fm-control-relaunch.NHgaJt/trace-off-13868/home/state/rl33.git-hooks/prepare-commit-msg: Permission denied
rm: /Users/mremond/.no-mistakes/worktrees/acf4a767348a/01M4AX10ZC7N8D2XBFQHB3V6A5/.test-6202/relaunch-tmp/fm-control-relaunch.NHgaJt/trace-off-13868/home/state/rl33.git-hooks/post-checkout: Permission denied
rm: /Users/mremond/.no-mistakes/worktrees/acf4a767348a/01M4AX10ZC7N8D2XBFQHB3V6A5/.test-6202/relaunch-tmp/fm-control-relaunch.NHgaJt/trace-off-13868/home/state/rl33.git-hooks/post-applypatch: Permission denied
rm: /Users/mremond/.no-mistakes/worktrees/acf4a767348a/01M4AX10ZC7N8D2XBFQHB3V6A5/.test-6202/relaunch-tmp/fm-control-relaunch.NHgaJt/trace-off-13868/home/state/rl33.git-hooks/post-rewrite: Permission denied
rm: /Users/mremond/.no-mistakes/worktrees/acf4a767348a/01M4AX10ZC7N8D2XBFQHB3V6A5/.test-6202/relaunch-tmp/fm-control-relaunch.NHgaJt/trace-off-13868/home/state/rl33.git-hooks/commit-msg: Permission denied
rm: /Users/mremond/.no-mistakes/worktrees/acf4a767348a/01M4AX10ZC7N8D2XBFQHB3V6A5/.test-6202/relaunch-tmp/fm-control-relaunch.NHgaJt/trace-off-13868/home/state/rl33.git-hooks/pre-push: Permission denied
rm: /Users/mremond/.no-mistakes/worktrees/acf4a767348a/01M4AX10ZC7N8D2XBFQHB3V6A5/.test-6202/relaunch-tmp/fm-control-relaunch.NHgaJt/trace-off-13868/home/state/rl33.git-hooks/post-merge: Permission denied
rm: /Users/mremond/.no-mistakes/worktrees/acf4a767348a/01M4AX10ZC7N8D2XBFQHB3V6A5/.test-6202/relaunch-tmp/fm-control-relaunch.NHgaJt/trace-off-13868/home/state/rl33.git-hooks/pre-commit: Permission denied
rm: /Users/mremond/.no-mistakes/worktrees/acf4a767348a/01M4AX10ZC7N8D2XBFQHB3V6A5/.test-6202/relaunch-tmp/fm-control-relaunch.NHgaJt/trace-off-13868/home/state/rl33.git-hooks: Directory not empty
rm: /Users/mremond/.no-mistakes/worktrees/acf4a767348a/01M4AX10ZC7N8D2XBFQHB3V6A5/.test-6202/relaunch-tmp/fm-control-relaunch.NHgaJt/trace-off-13868/home/state: Directory not empty
rm: /Users/mremond/.no-mistakes/worktrees/acf4a767348a/01M4AX10ZC7N8D2XBFQHB3V6A5/.test-6202/relaunch-tmp/fm-control-relaunch.NHgaJt/trace-off-13868/home: Directory not empty
rm: /Users/mremond/.no-mistakes/worktrees/acf4a767348a/01M4AX10ZC7N8D2XBFQHB3V6A5/.test-6202/relaunch-tmp/fm-control-relaunch.NHgaJt/trace-off-13868: Directory not empty
rm: /Users/mremond/.no-mistakes/worktrees/acf4a767348a/01M4AX10ZC7N8D2XBFQHB3V6A5/.test-6202/relaunch-tmp/fm-control-relaunch.NHgaJt/native-on-21232/home/state/native-on.git-hooks/pre-rebase: Permission denied
rm: /Users/mremond/.no-mistakes/worktrees/acf4a767348a/01M4AX10ZC7N8D2XBFQHB3V6A5/.test-6202/relaunch-tmp/fm-control-relaunch.NHgaJt/native-on-21232/home/state/native-on.git-hooks/pre-applypatch: Permission denied
rm: /Users/mremond/.no-mistakes/worktrees/acf4a767348a/01M4AX10ZC7N8D2XBFQHB3V6A5/.test-6202/relaunch-tmp/fm-control-relaunch.NHgaJt/native-on-21232/home/state/native-on.git-hooks/pre-auto-gc: Permission denied
rm: /Users/mremond/.no-mistakes/worktrees/acf4a767348a/01M4AX10ZC7N8D2XBFQHB3V6A5/.test-6202/relaunch-tmp/fm-control-relaunch.NHgaJt/native-on-21232/home/state/native-on.git-hooks/pre-merge-commit: Permission denied
rm: /Users/mremond/.no-mistakes/worktrees/acf4a767348a/01M4AX10ZC7N8D2XBFQHB3V6A5/.test-6202/relaunch-tmp/fm-control-relaunch.NHgaJt/native-on-21232/home/state/native-on.git-hooks/post-commit: Permission denied
rm: /Users/mremond/.no-mistakes/worktrees/acf4a767348a/01M4AX10ZC7N8D2XBFQHB3V6A5/.test-6202/relaunch-tmp/fm-control-relaunch.NHgaJt/native-on-21232/home/state/native-on.git-hooks/sendemail-validate: Permission denied
rm: /Users/mremond/.no-mistakes/worktrees/acf4a767348a/01M4AX10ZC7N8D2XBFQHB3V6A5/.test-6202/relaunch-tmp/fm-control-relaunch.NHgaJt/native-on-21232/home/state/native-on.git-hooks/applypatch-msg: Permission denied
rm: /Users/mremond/.no-mistakes/worktrees/acf4a767348a/01M4AX10ZC7N8D2XBFQHB3V6A5/.test-6202/relaunch-tmp/fm-control-relaunch.NHgaJt/native-on-21232/home/state/native-on.git-hooks/prepare-commit-msg: Permission denied
rm: /Users/mremond/.no-mistakes/worktrees/acf4a767348a/01M4AX10ZC7N8D2XBFQHB3V6A5/.test-6202/relaunch-tmp/fm-control-relaunch.NHgaJt/native-on-21232/home/state/native-on.git-hooks/post-checkout: Permission denied
rm: /Users/mremond/.no-mistakes/worktrees/acf4a767348a/01M4AX10ZC7N8D2XBFQHB3V6A5/.test-6202/relaunch-tmp/fm-control-relaunch.NHgaJt/native-on-21232/home/state/native-on.git-hooks/post-applypatch: Permission denied
rm: /Users/mremond/.no-mistakes/worktrees/acf4a767348a/01M4AX10ZC7N8D2XBFQHB3V6A5/.test-6202/relaunch-tmp/fm-control-relaunch.NHgaJt/native-on-21232/home/state/native-on.git-hooks/post-rewrite: Permission denied
rm: /Users/mremond/.no-mistakes/worktrees/acf4a767348a/01M4AX10ZC7N8D2XBFQHB3V6A5/.test-6202/relaunch-tmp/fm-control-relaunch.NHgaJt/native-on-21232/home/state/native-on.git-hooks/commit-msg: Permission denied
rm: /Users/mremond/.no-mistakes/worktrees/acf4a767348a/01M4AX10ZC7N8D2XBFQHB3V6A5/.test-6202/relaunch-tmp/fm-control-relaunch.NHgaJt/native-on-21232/home/state/native-on.git-hooks/pre-push: Permission denied
rm: /Users/mremond/.no-mistakes/worktrees/acf4a767348a/01M4AX10ZC7N8D2XBFQHB3V6A5/.test-6202/relaunch-tmp/fm-control-relaunch.NHgaJt/native-on-21232/home/state/native-on.git-hooks/post-merge: Permission denied
rm: /Users/mremond/.no-mistakes/worktrees/acf4a767348a/01M4AX10ZC7N8D2XBFQHB3V6A5/.test-6202/relaunch-tmp/fm-control-relaunch.NHgaJt/native-on-21232/home/state/native-on.git-hooks/pre-commit: Permission denied
rm: /Users/mremond/.no-mistakes/worktrees/acf4a767348a/01M4AX10ZC7N8D2XBFQHB3V6A5/.test-6202/relaunch-tmp/fm-control-relaunch.NHgaJt/native-on-21232/home/state/native-on.git-hooks: Directory not empty
rm: /Users/mremond/.no-mistakes/worktrees/acf4a767348a/01M4AX10ZC7N8D2XBFQHB3V6A5/.test-6202/relaunch-tmp/fm-control-relaunch.NHgaJt/native-on-21232/home/state: Directory not empty
rm: /Users/mremond/.no-mistakes/worktrees/acf4a767348a/01M4AX10ZC7N8D2XBFQHB3V6A5/.test-6202/relaunch-tmp/fm-control-relaunch.NHgaJt/native-on-21232/home: Directory not empty
rm: /Users/mremond/.no-mistakes/worktrees/acf4a767348a/01M4AX10ZC7N8D2XBFQHB3V6A5/.test-6202/relaunch-tmp/fm-control-relaunch.NHgaJt/native-on-21232: Directory not empty
rm: /Users/mremond/.no-mistakes/worktrees/acf4a767348a/01M4AX10ZC7N8D2XBFQHB3V6A5/.test-6202/relaunch-tmp/fm-control-relaunch.NHgaJt/smfindrace-6055/home/state/sm6.git-hooks/pre-rebase: Permission denied
rm: /Users/mremond/.no-mistakes/worktrees/acf4a767348a/01M4AX10ZC7N8D2XBFQHB3V6A5/.test-6202/relaunch-tmp/fm-control-relaunch.NHgaJt/smfindrace-6055/home/state/sm6.git-hooks/pre-applypatch: Permission denied
rm: /Users/mremond/.no-mistakes/worktrees/acf4a767348a/01M4AX10ZC7N8D2XBFQHB3V6A5/.test-6202/relaunch-tmp/fm-control-relaunch.NHgaJt/smfindrace-6055/home/state/sm6.git-hooks/pre-auto-gc: Permission denied
rm: /Users/mremond/.no-mistakes/worktrees/acf4a767348a/01M4AX10ZC7N8D2XBFQHB3V6A5/.test-6202/relaunch-tmp/fm-control-relaunch.NHgaJt/smfindrace-6055/home/state/sm6.git-hooks/pre-merge-commit: Permission denied
rm: /Users/mremond/.no-mistakes/worktrees/acf4a767348a/01M4AX10ZC7N8D2XBFQHB3V6A5/.test-6202/relaunch-tmp/fm-control-relaunch.NHgaJt/smfindrace-6055/home/state/sm6.git-hooks/post-commit: Permission denied
rm: /Users/mremond/.no-mistakes/worktrees/acf4a767348a/01M4AX10ZC7N8D2XBFQHB3V6A5/.test-6202/relaunch-tmp/fm-control-relaunch.NHgaJt/smfindrace-6055/home/state/sm6.git-hooks/sendemail-validate: Permission denied
rm: /Users/mremond/.no-mistakes/worktrees/acf4a767348a/01M4AX10ZC7N8D2XBFQHB3V6A5/.test-6202/relaunch-tmp/fm-control-relaunch.NHgaJt/smfindrace-6055/home/state/sm6.git-hooks/applypatch-msg: Permission denied
rm: /Users/mremond/.no-mistakes/worktrees/acf4a767348a/01M4AX10ZC7N8D2XBFQHB3V6A5/.test-6202/relaunch-tmp/fm-control-relaunch.NHgaJt/smfindrace-6055/home/state/sm6.git-hooks/prepare-commit-msg: Permission denied
rm: /Users/mremond/.no-mistakes/worktrees/acf4a767348a/01M4AX10ZC7N8D2XBFQHB3V6A5/.test-6202/relaunch-tmp/fm-control-relaunch.NHgaJt/smfindrace-6055/home/state/sm6.git-hooks/post-checkout: Permission denied
rm: /Users/mremond/.no-mistakes/worktrees/acf4a767348a/01M4AX10ZC7N8D2XBFQHB3V6A5/.test-6202/relaunch-tmp/fm-control-relaunch.NHgaJt/smfindrace-6055/home/state/sm6.git-hooks/post-applypatch: Permission denied
rm: /Users/mremond/.no-mistakes/worktrees/acf4a767348a/01M4AX10ZC7N8D2XBFQHB3V6A5/.test-6202/relaunch-tmp/fm-control-relaunch.NHgaJt/smfindrace-6055/home/state/sm6.git-hooks/post-rewrite: Permission denied
rm: /Users/mremond/.no-mistakes/worktrees/acf4a767348a/01M4AX10ZC7N8D2XBFQHB3V6A5/.test-6202/relaunch-tmp/fm-control-relaunch.NHgaJt/smfindrace-6055/home/state/sm6.git-hooks/commit-msg: Permission denied
rm: /Users/mremond/.no-mistakes/worktrees/acf4a767348a/01M4AX10ZC7N8D2XBFQHB3V6A5/.test-6202/relaunch-tmp/fm-control-relaunch.NHgaJt/smfindrace-6055/home/state/sm6.git-hooks/pre-push: Permission denied
rm: /Users/mremond/.no-mistakes/worktrees/acf4a767348a/01M4AX10ZC7N8D2XBFQHB3V6A5/.test-6202/relaunch-tmp/fm-control-relaunch.NHgaJt/smfindrace-6055/home/state/sm6.git-hooks/post-merge: Permission denied
rm: /Users/mremond/.no-mistakes/worktrees/acf4a767348a/01M4AX10ZC7N8D2XBFQHB3V6A5/.test-6202/relaunch-tmp/fm-control-relaunch.NHgaJt/smfindrace-6055/home/state/sm6.git-hooks/pre-commit: Permission denied
rm: /Users/mremond/.no-mistakes/worktrees/acf4a767348a/01M4AX10ZC7N8D2XBFQHB3V6A5/.test-6202/relaunch-tmp/fm-control-relaunch.NHgaJt/smfindrace-6055/home/state/sm6.git-hooks: Directory not empty
rm: /Users/mremond/.no-mistakes/worktrees/acf4a767348a/01M4AX10ZC7N8D2XBFQHB3V6A5/.test-6202/relaunch-tmp/fm-control-relaunch.NHgaJt/smfindrace-6055/home/state: Directory not empty
rm: /Users/mremond/.no-mistakes/worktrees/acf4a767348a/01M4AX10ZC7N8D2XBFQHB3V6A5/.test-6202/relaunch-tmp/fm-control-relaunch.NHgaJt/smfindrace-6055/home: Directory not empty
rm: /Users/mremond/.no-mistakes/worktrees/acf4a767348a/01M4AX10ZC7N8D2XBFQHB3V6A5/.test-6202/relaunch-tmp/fm-control-relaunch.NHgaJt/smfindrace-6055: Directory not empty
rm: /Users/mremond/.no-mistakes/worktrees/acf4a767348a/01M4AX10ZC7N8D2XBFQHB3V6A5/.test-6202/relaunch-tmp/fm-control-relaunch.NHgaJt/durable-meta-15006/home/state/rl19.git-hooks/pre-rebase: Permission denied
rm: /Users/mremond/.no-mistakes/worktrees/acf4a767348a/01M4AX10ZC7N8D2XBFQHB3V6A5/.test-6202/relaunch-tmp/fm-control-relaunch.NHgaJt/durable-meta-15006/home/state/rl19.git-hooks/pre-applypatch: Permission denied
rm: /Users/mremond/.no-mistakes/worktrees/acf4a767348a/01M4AX10ZC7N8D2XBFQHB3V6A5/.test-6202/relaunch-tmp/fm-control-relaunch.NHgaJt/durable-meta-15006/home/state/rl19.git-hooks/pre-auto-gc: Permission denied
rm: /Users/mremond/.no-mistakes/worktrees/acf4a767348a/01M4AX10ZC7N8D2XBFQHB3V6A5/.test-6202/relaunch-tmp/fm-control-relaunch.NHgaJt/durable-meta-15006/home/state/rl19.git-hooks/pre-merge-commit: Permission denied
rm: /Users/mremond/.no-mistakes/worktrees/acf4a767348a/01M4AX10ZC7N8D2XBFQHB3V6A5/.test-6202/relaunch-tmp/fm-control-relaunch.NHgaJt/durable-meta-15006/home/state/rl19.git-hooks/post-commit: Permission denied
rm: /Users/mremond/.no-mistakes/worktrees/acf4a767348a/01M4AX10ZC7N8D2XBFQHB3V6A5/.test-6202/relaunch-tmp/fm-control-relaunch.NHgaJt/durable-meta-15006/home/state/rl19.git-hooks/sendemail-validate: Permission denied
rm: /Users/mremond/.no-mistakes/worktrees/acf4a767348a/01M4AX10ZC7N8D2XBFQHB3V6A5/.test-6202/relaunch-tmp/fm-control-relaunch.NHgaJt/durable-meta-15006/home/state/rl19.git-hooks/applypatch-msg: Permission denied
rm: /Users/mremond/.no-mistakes/worktrees/acf4a767348a/01M4AX10ZC7N8D2XBFQHB3V6A5/.test-6202/relaunch-tmp/fm-control-relaunch.NHgaJt/durable-meta-15006/home/state/rl19.git-hooks/prepare-commit-msg: Permission denied
rm: /Users/mremond/.no-mistakes/worktrees/acf4a767348a/01M4AX10ZC7N8D2XBFQHB3V6A5/.test-6202/relaunch-tmp/fm-control-relaunch.NHgaJt/durable-meta-15006/home/state/rl19.git-hooks/post-checkout: Permission denied
rm: /Users/mremond/.no-mistakes/worktrees/acf4a767348a/01M4AX10ZC7N8D2XBFQHB3V6A5/.test-6202/relaunch-tmp/fm-control-relaunch.NHgaJt/durable-meta-15006/home/state/rl19.git-hooks/post-applypatch: Permission denied
rm: /Users/mremond/.no-mistakes/worktrees/acf4a767348a/01M4AX10ZC7N8D2XBFQHB3V6A5/.test-6202/relaunch-tmp/fm-control-relaunch.NHgaJt/durable-meta-15006/home/state/rl19.git-hooks/post-rewrite: Permission denied
rm: /Users/mremond/.no-mistakes/worktrees/acf4a767348a/01M4AX10ZC7N8D2XBFQHB3V6A5/.test-6202/relaunch-tmp/fm-control-relaunch.NHgaJt/durable-meta-15006/home/state/rl19.git-hooks/commit-msg: Permission denied
rm: /Users/mremond/.no-mistakes/worktrees/acf4a767348a/01M4AX10ZC7N8D2XBFQHB3V6A5/.test-6202/relaunch-tmp/fm-control-relaunch.NHgaJt/durable-meta-15006/home/state/rl19.git-hooks/pre-push: Permission denied
rm: /Users/mremond/.no-mistakes/worktrees/acf4a767348a/01M4AX10ZC7N8D2XBFQHB3V6A5/.test-6202/relaunch-tmp/fm-control-relaunch.NHgaJt/durable-meta-15006/home/state/rl19.git-hooks/post-merge: Permission denied
rm: /Users/mremond/.no-mistakes/worktrees/acf4a767348a/01M4AX10ZC7N8D2XBFQHB3V6A5/.test-6202/relaunch-tmp/fm-control-relaunch.NHgaJt/durable-meta-15006/home/state/rl19.git-hooks/pre-commit: Permission denied
rm: /Users/mremond/.no-mistakes/worktrees/acf4a767348a/01M4AX10ZC7N8D2XBFQHB3V6A5/.test-6202/relaunch-tmp/fm-control-relaunch.NHgaJt/durable-meta-15006/home/state/rl19.git-hooks: Directory not empty
rm: /Users/mremond/.no-mistakes/worktrees/acf4a767348a/01M4AX10ZC7N8D2XBFQHB3V6A5/.test-6202/relaunch-tmp/fm-control-relaunch.NHgaJt/durable-meta-15006/home/state: Directory not empty
rm: /Users/mremond/.no-mistakes/worktrees/acf4a767348a/01M4AX10ZC7N8D2XBFQHB3V6A5/.test-6202/relaunch-tmp/fm-control-relaunch.NHgaJt/durable-meta-15006/home: Directory not empty
rm: /Users/mremond/.no-mistakes/worktrees/acf4a767348a/01M4AX10ZC7N8D2XBFQHB3V6A5/.test-6202/relaunch-tmp/fm-control-relaunch.NHgaJt/durable-meta-15006: Directory not empty
rm: /Users/mremond/.no-mistakes/worktrees/acf4a767348a/01M4AX10ZC7N8D2XBFQHB3V6A5/.test-6202/relaunch-tmp/fm-control-relaunch.NHgaJt/gone-herdr-work-27130/home/state/rl75.git-hooks/pre-rebase: Permission denied
rm: /Users/mremond/.no-mistakes/worktrees/acf4a767348a/01M4AX10ZC7N8D2XBFQHB3V6A5/.test-6202/relaunch-tmp/fm-control-relaunch.NHgaJt/gone-herdr-work-27130/home/state/rl75.git-hooks/pre-applypatch: Permission denied
rm: /Users/mremond/.no-mistakes/worktrees/acf4a767348a/01M4AX10ZC7N8D2XBFQHB3V6A5/.test-6202/relaunch-tmp/fm-control-relaunch.NHgaJt/gone-herdr-work-27130/home/state/rl75.git-hooks/pre-auto-gc: Permission denied
rm: /Users/mremond/.no-mistakes/worktrees/acf4a767348a/01M4AX10ZC7N8D2XBFQHB3V6A5/.test-6202/relaunch-tmp/fm-control-relaunch.NHgaJt/gone-herdr-work-27130/home/state/rl75.git-hooks/pre-merge-commit: Permission denied
rm: /Users/mremond/.no-mistakes/worktrees/acf4a767348a/01M4AX10ZC7N8D2XBFQHB3V6A5/.test-6202/relaunch-tmp/fm-control-relaunch.NHgaJt/gone-herdr-work-27130/home/state/rl75.git-hooks/post-commit: Permission denied
rm: /Users/mremond/.no-mistakes/worktrees/acf4a767348a/01M4AX10ZC7N8D2XBFQHB3V6A5/.test-6202/relaunch-tmp/fm-control-relaunch.NHgaJt/gone-herdr-work-27130/home/state/rl75.git-hooks/sendemail-validate: Permission denied
rm: /Users/mremond/.no-mistakes/worktrees/acf4a767348a/01M4AX10ZC7N8D2XBFQHB3V6A5/.test-6202/relaunch-tmp/fm-control-relaunch.NHgaJt/gone-herdr-work-27130/home/state/rl75.git-hooks/applypatch-msg: Permission denied
rm: /Users/mremond/.no-mistakes/worktrees/acf4a767348a/01M4AX10ZC7N8D2XBFQHB3V6A5/.test-6202/relaunch-tmp/fm-control-relaunch.NHgaJt/gone-herdr-work-27130/home/state/rl75.git-hooks/prepare-commit-msg: Permission denied
rm: /Users/mremond/.no-mistakes/worktrees/acf4a767348a/01M4AX10ZC7N8D2XBFQHB3V6A5/.test-6202/relaunch-tmp/fm-control-relaunch.NHgaJt/gone-herdr-work-27130/home/state/rl75.git-hooks/post-checkout: Permission denied
rm: /Users/mremond/.no-mistakes/worktrees/acf4a767348a/01M4AX10ZC7N8D2XBFQHB3V6A5/.test-6202/relaunch-tmp/fm-control-relaunch.NHgaJt/gone-herdr-work-27130/home/state/rl75.git-hooks/post-applypatch: Permission denied
rm: /Users/mremond/.no-mistakes/worktrees/acf4a767348a/01M4AX10ZC7N8D2XBFQHB3V6A5/.test-6202/relaunch-tmp/fm-control-relaunch.NHgaJt/gone-herdr-work-27130/home/state/rl75.git-hooks/post-rewrite: Permission denied
rm: /Users/mremond/.no-mistakes/worktrees/acf4a767348a/01M4AX10ZC7N8D2XBFQHB3V6A5/.test-6202/relaunch-tmp/fm-control-relaunch.NHgaJt/gone-herdr-work-27130/home/state/rl75.git-hooks/commit-msg: Permission denied
rm: /Users/mremond/.no-mistakes/worktrees/acf4a767348a/01M4AX10ZC7N8D2XBFQHB3V6A5/.test-6202/relaunch-tmp/fm-control-relaunch.NHgaJt/gone-herdr-work-27130/home/state/rl75.git-hooks/pre-push: Permission denied
rm: /Users/mremond/.no-mistakes/worktrees/acf4a767348a/01M4AX10ZC7N8D2XBFQHB3V6A5/.test-6202/relaunch-tmp/fm-control-relaunch.NHgaJt/gone-herdr-work-27130/home/state/rl75.git-hooks/post-merge: Permission denied
rm: /Users/mremond/.no-mistakes/worktrees/acf4a767348a/01M4AX10ZC7N8D2XBFQHB3V6A5/.test-6202/relaunch-tmp/fm-control-relaunch.NHgaJt/gone-herdr-work-27130/home/state/rl75.git-hooks/pre-commit: Permission denied
rm: /Users/mremond/.no-mistakes/worktrees/acf4a767348a/01M4AX10ZC7N8D2XBFQHB3V6A5/.test-6202/relaunch-tmp/fm-control-relaunch.NHgaJt/gone-herdr-work-27130/home/state/rl75.git-hooks: Directory not empty
rm: /Users/mremond/.no-mistakes/worktrees/acf4a767348a/01M4AX10ZC7N8D2XBFQHB3V6A5/.test-6202/relaunch-tmp/fm-control-relaunch.NHgaJt/gone-herdr-work-27130/home/state: Directory not empty
rm: /Users/mremond/.no-mistakes/worktrees/acf4a767348a/01M4AX10ZC7N8D2XBFQHB3V6A5/.test-6202/relaunch-tmp/fm-control-relaunch.NHgaJt/gone-herdr-work-27130/home: Directory not empty
rm: /Users/mremond/.no-mistakes/worktrees/acf4a767348a/01M4AX10ZC7N8D2XBFQHB3V6A5/.test-6202/relaunch-tmp/fm-control-relaunch.NHgaJt/gone-herdr-work-27130: Directory not empty
rm: /Users/mremond/.no-mistakes/worktrees/acf4a767348a/01M4AX10ZC7N8D2XBFQHB3V6A5/.test-6202/relaunch-tmp/fm-control-relaunch.NHgaJt/smpin-3951/home/state/sm3.git-hooks/pre-rebase: Permission denied
rm: /Users/mremond/.no-mistakes/worktrees/acf4a767348a/01M4AX10ZC7N8D2XBFQHB3V6A5/.test-6202/relaunch-tmp/fm-control-relaunch.NHgaJt/smpin-3951/home/state/sm3.git-hooks/pre-applypatch: Permission denied
rm: /Users/mremond/.no-mistakes/worktrees/acf4a767348a/01M4AX10ZC7N8D2XBFQHB3V6A5/.test-6202/relaunch-tmp/fm-control-relaunch.NHgaJt/smpin-3951/home/state/sm3.git-hooks/pre-auto-gc: Permission denied
rm: /Users/mremond/.no-mistakes/worktrees/acf4a767348a/01M4AX10ZC7N8D2XBFQHB3V6A5/.test-6202/relaunch-tmp/fm-control-relaunch.NHgaJt/smpin-3951/home/state/sm3.git-hooks/pre-merge-commit: Permission denied
rm: /Users/mremond/.no-mistakes/worktrees/acf4a767348a/01M4AX10ZC7N8D2XBFQHB3V6A5/.test-6202/relaunch-tmp/fm-control-relaunch.NHgaJt/smpin-3951/home/state/sm3.git-hooks/post-commit: Permission denied
rm: /Users/mremond/.no-mistakes/worktrees/acf4a767348a/01M4AX10ZC7N8D2XBFQHB3V6A5/.test-6202/relaunch-tmp/fm-control-relaunch.NHgaJt/smpin-3951/home/state/sm3.git-hooks/sendemail-validate: Permission denied
rm: /Users/mremond/.no-mistakes/worktrees/acf4a767348a/01M4AX10ZC7N8D2XBFQHB3V6A5/.test-6202/relaunch-tmp/fm-control-relaunch.NHgaJt/smpin-3951/home/state/sm3.git-hooks/applypatch-msg: Permission denied
rm: /Users/mremond/.no-mistakes/worktrees/acf4a767348a/01M4AX10ZC7N8D2XBFQHB3V6A5/.test-6202/relaunch-tmp/fm-control-relaunch.NHgaJt/smpin-3951/home/state/sm3.git-hooks/prepare-commit-msg: Permission denied
rm: /Users/mremond/.no-mistakes/worktrees/acf4a767348a/01M4AX10ZC7N8D2XBFQHB3V6A5/.test-6202/relaunch-tmp/fm-control-relaunch.NHgaJt/smpin-3951/home/state/sm3.git-hooks/post-checkout: Permission denied
rm: /Users/mremond/.no-mistakes/worktrees/acf4a767348a/01M4AX10ZC7N8D2XBFQHB3V6A5/.test-6202/relaunch-tmp/fm-control-relaunch.NHgaJt/smpin-3951/home/state/sm3.git-hooks/post-applypatch: Permission denied
rm: /Users/mremond/.no-mistakes/worktrees/acf4a767348a/01M4AX10ZC7N8D2XBFQHB3V6A5/.test-6202/relaunch-tmp/fm-control-relaunch.NHgaJt/smpin-3951/home/state/sm3.git-hooks/post-rewrite: Permission denied
rm: /Users/mremond/.no-mistakes/worktrees/acf4a767348a/01M4AX10ZC7N8D2XBFQHB3V6A5/.test-6202/relaunch-tmp/fm-control-relaunch.NHgaJt/smpin-3951/home/state/sm3.git-hooks/commit-msg: Permission denied
rm: /Users/mremond/.no-mistakes/worktrees/acf4a767348a/01M4AX10ZC7N8D2XBFQHB3V6A5/.test-6202/relaunch-tmp/fm-control-relaunch.NHgaJt/smpin-3951/home/state/sm3.git-hooks/pre-push: Permission denied
rm: /Users/mremond/.no-mistakes/worktrees/acf4a767348a/01M4AX10ZC7N8D2XBFQHB3V6A5/.test-6202/relaunch-tmp/fm-control-relaunch.NHgaJt/smpin-3951/home/state/sm3.git-hooks/post-merge: Permission denied
rm: /Users/mremond/.no-mistakes/worktrees/acf4a767348a/01M4AX10ZC7N8D2XBFQHB3V6A5/.test-6202/relaunch-tmp/fm-control-relaunch.NHgaJt/smpin-3951/home/state/sm3.git-hooks/pre-commit: Permission denied
rm: /Users/mremond/.no-mistakes/worktrees/acf4a767348a/01M4AX10ZC7N8D2XBFQHB3V6A5/.test-6202/relaunch-tmp/fm-control-relaunch.NHgaJt/smpin-3951/home/state/sm3.git-hooks: Directory not empty
rm: /Users/mremond/.no-mistakes/worktrees/acf4a767348a/01M4AX10ZC7N8D2XBFQHB3V6A5/.test-6202/relaunch-tmp/fm-control-relaunch.NHgaJt/smpin-3951/home/state: Directory not empty
rm: /Users/mremond/.no-mistakes/worktrees/acf4a767348a/01M4AX10ZC7N8D2XBFQHB3V6A5/.test-6202/relaunch-tmp/fm-control-relaunch.NHgaJt/smpin-3951/home: Directory not empty
rm: /Users/mremond/.no-mistakes/worktrees/acf4a767348a/01M4AX10ZC7N8D2XBFQHB3V6A5/.test-6202/relaunch-tmp/fm-control-relaunch.NHgaJt/smpin-3951: Directory not empty
rm: /Users/mremond/.no-mistakes/worktrees/acf4a767348a/01M4AX10ZC7N8D2XBFQHB3V6A5/.test-6202/relaunch-tmp/fm-control-relaunch.NHgaJt/sm-11316/home/state/sm1.git-hooks/pre-rebase: Permission denied
rm: /Users/mremond/.no-mistakes/worktrees/acf4a767348a/01M4AX10ZC7N8D2XBFQHB3V6A5/.test-6202/relaunch-tmp/fm-control-relaunch.NHgaJt/sm-11316/home/state/sm1.git-hooks/pre-applypatch: Permission denied
rm: /Users/mremond/.no-mistakes/worktrees/acf4a767348a/01M4AX10ZC7N8D2XBFQHB3V6A5/.test-6202/relaunch-tmp/fm-control-relaunch.NHgaJt/sm-11316/home/state/sm1.git-hooks/pre-auto-gc: Permission denied
rm: /Users/mremond/.no-mistakes/worktrees/acf4a767348a/01M4AX10ZC7N8D2XBFQHB3V6A5/.test-6202/relaunch-tmp/fm-control-relaunch.NHgaJt/sm-11316/home/state/sm1.git-hooks/pre-merge-commit: Permission denied
rm: /Users/mremond/.no-mistakes/worktrees/acf4a767348a/01M4AX10ZC7N8D2XBFQHB3V6A5/.test-6202/relaunch-tmp/fm-control-relaunch.NHgaJt/sm-11316/home/state/sm1.git-hooks/post-commit: Permission denied
rm: /Users/mremond/.no-mistakes/worktrees/acf4a767348a/01M4AX10ZC7N8D2XBFQHB3V6A5/.test-6202/relaunch-tmp/fm-control-relaunch.NHgaJt/sm-11316/home/state/sm1.git-hooks/sendemail-validate: Permission denied
rm: /Users/mremond/.no-mistakes/worktrees/acf4a767348a/01M4AX10ZC7N8D2XBFQHB3V6A5/.test-6202/relaunch-tmp/fm-control-relaunch.NHgaJt/sm-11316/home/state/sm1.git-hooks/applypatch-msg: Permission denied
rm: /Users/mremond/.no-mistakes/worktrees/acf4a767348a/01M4AX10ZC7N8D2XBFQHB3V6A5/.test-6202/relaunch-tmp/fm-control-relaunch.NHgaJt/sm-11316/home/state/sm1.git-hooks/prepare-commit-msg: Permission denied
rm: /Users/mremond/.no-mistakes/worktrees/acf4a767348a/01M4AX10ZC7N8D2XBFQHB3V6A5/.test-6202/relaunch-tmp/fm-control-relaunch.NHgaJt/sm-11316/home/state/sm1.git-hooks/post-checkout: Permission denied
rm: /Users/mremond/.no-mistakes/worktrees/acf4a767348a/01M4AX10ZC7N8D2XBFQHB3V6A5/.test-6202/relaunch-tmp/fm-control-relaunch.NHgaJt/sm-11316/home/state/sm1.git-hooks/post-applypatch: Permission denied
rm: /Users/mremond/.no-mistakes/worktrees/acf4a767348a/01M4AX10ZC7N8D2XBFQHB3V6A5/.test-6202/relaunch-tmp/fm-control-relaunch.NHgaJt/sm-11316/home/state/sm1.git-hooks/post-rewrite: Permission denied
rm: /Users/mremond/.no-mistakes/worktrees/acf4a767348a/01M4AX10ZC7N8D2XBFQHB3V6A5/.test-6202/relaunch-tmp/fm-control-relaunch.NHgaJt/sm-11316/home/state/sm1.git-hooks/commit-msg: Permission denied
rm: /Users/mremond/.no-mistakes/worktrees/acf4a767348a/01M4AX10ZC7N8D2XBFQHB3V6A5/.test-6202/relaunch-tmp/fm-control-relaunch.NHgaJt/sm-11316/home/state/sm1.git-hooks/pre-push: Permission denied
rm: /Users/mremond/.no-mistakes/worktrees/acf4a767348a/01M4AX10ZC7N8D2XBFQHB3V6A5/.test-6202/relaunch-tmp/fm-control-relaunch.NHgaJt/sm-11316/home/state/sm1.git-hooks/post-merge: Permission denied
rm: /Users/mremond/.no-mistakes/worktrees/acf4a767348a/01M4AX10ZC7N8D2XBFQHB3V6A5/.test-6202/relaunch-tmp/fm-control-relaunch.NHgaJt/sm-11316/home/state/sm1.git-hooks/pre-commit: Permission denied
rm: /Users/mremond/.no-mistakes/worktrees/acf4a767348a/01M4AX10ZC7N8D2XBFQHB3V6A5/.test-6202/relaunch-tmp/fm-control-relaunch.NHgaJt/sm-11316/home/state/sm1.git-hooks: Directory not empty
rm: /Users/mremond/.no-mistakes/worktrees/acf4a767348a/01M4AX10ZC7N8D2XBFQHB3V6A5/.test-6202/relaunch-tmp/fm-control-relaunch.NHgaJt/sm-11316/home/state: Directory not empty
rm: /Users/mremond/.no-mistakes/worktrees/acf4a767348a/01M4AX10ZC7N8D2XBFQHB3V6A5/.test-6202/relaunch-tmp/fm-control-relaunch.NHgaJt/sm-11316/home: Directory not empty
rm: /Users/mremond/.no-mistakes/worktrees/acf4a767348a/01M4AX10ZC7N8D2XBFQHB3V6A5/.test-6202/relaunch-tmp/fm-control-relaunch.NHgaJt/sm-11316: Directory not empty
rm: /Users/mremond/.no-mistakes/worktrees/acf4a767348a/01M4AX10ZC7N8D2XBFQHB3V6A5/.test-6202/relaunch-tmp/fm-control-relaunch.NHgaJt/native-off-2820/home/state/native-off.git-hooks/pre-rebase: Permission denied
rm: /Users/mremond/.no-mistakes/worktrees/acf4a767348a/01M4AX10ZC7N8D2XBFQHB3V6A5/.test-6202/relaunch-tmp/fm-control-relaunch.NHgaJt/native-off-2820/home/state/native-off.git-hooks/pre-applypatch: Permission denied
rm: /Users/mremond/.no-mistakes/worktrees/acf4a767348a/01M4AX10ZC7N8D2XBFQHB3V6A5/.test-6202/relaunch-tmp/fm-control-relaunch.NHgaJt/native-off-2820/home/state/native-off.git-hooks/pre-auto-gc: Permission denied
rm: /Users/mremond/.no-mistakes/worktrees/acf4a767348a/01M4AX10ZC7N8D2XBFQHB3V6A5/.test-6202/relaunch-tmp/fm-control-relaunch.NHgaJt/native-off-2820/home/state/native-off.git-hooks/pre-merge-commit: Permission denied
rm: /Users/mremond/.no-mistakes/worktrees/acf4a767348a/01M4AX10ZC7N8D2XBFQHB3V6A5/.test-6202/relaunch-tmp/fm-control-relaunch.NHgaJt/native-off-2820/home/state/native-off.git-hooks/post-commit: Permission denied
rm: /Users/mremond/.no-mistakes/worktrees/acf4a767348a/01M4AX10ZC7N8D2XBFQHB3V6A5/.test-6202/relaunch-tmp/fm-control-relaunch.NHgaJt/native-off-2820/home/state/native-off.git-hooks/sendemail-validate: Permission denied
rm: /Users/mremond/.no-mistakes/worktrees/acf4a767348a/01M4AX10ZC7N8D2XBFQHB3V6A5/.test-6202/relaunch-tmp/fm-control-relaunch.NHgaJt/native-off-2820/home/state/native-off.git-hooks/applypatch-msg: Permission denied
rm: /Users/mremond/.no-mistakes/worktrees/acf4a767348a/01M4AX10ZC7N8D2XBFQHB3V6A5/.test-6202/relaunch-tmp/fm-control-relaunch.NHgaJt/native-off-2820/home/state/native-off.git-hooks/prepare-commit-msg: Permission denied
rm: /Users/mremond/.no-mistakes/worktrees/acf4a767348a/01M4AX10ZC7N8D2XBFQHB3V6A5/.test-6202/relaunch-tmp/fm-control-relaunch.NHgaJt/native-off-2820/home/state/native-off.git-hooks/post-checkout: Permission denied
rm: /Users/mremond/.no-mistakes/worktrees/acf4a767348a/01M4AX10ZC7N8D2XBFQHB3V6A5/.test-6202/relaunch-tmp/fm-control-relaunch.NHgaJt/native-off-2820/home/state/native-off.git-hooks/post-applypatch: Permission denied
rm: /Users/mremond/.no-mistakes/worktrees/acf4a767348a/01M4AX10ZC7N8D2XBFQHB3V6A5/.test-6202/relaunch-tmp/fm-control-relaunch.NHgaJt/native-off-2820/home/state/native-off.git-hooks/post-rewrite: Permission denied
rm: /Users/mremond/.no-mistakes/worktrees/acf4a767348a/01M4AX10ZC7N8D2XBFQHB3V6A5/.test-6202/relaunch-tmp/fm-control-relaunch.NHgaJt/native-off-2820/home/state/native-off.git-hooks/commit-msg: Permission denied
rm: /Users/mremond/.no-mistakes/worktrees/acf4a767348a/01M4AX10ZC7N8D2XBFQHB3V6A5/.test-6202/relaunch-tmp/fm-control-relaunch.NHgaJt/native-off-2820/home/state/native-off.git-hooks/pre-push: Permission denied
rm: /Users/mremond/.no-mistakes/worktrees/acf4a767348a/01M4AX10ZC7N8D2XBFQHB3V6A5/.test-6202/relaunch-tmp/fm-control-relaunch.NHgaJt/native-off-2820/home/state/native-off.git-hooks/post-merge: Permission denied
rm: /Users/mremond/.no-mistakes/worktrees/acf4a767348a/01M4AX10ZC7N8D2XBFQHB3V6A5/.test-6202/relaunch-tmp/fm-control-relaunch.NHgaJt/native-off-2820/home/state/native-off.git-hooks/pre-commit: Permission denied
rm: /Users/mremond/.no-mistakes/worktrees/acf4a767348a/01M4AX10ZC7N8D2XBFQHB3V6A5/.test-6202/relaunch-tmp/fm-control-relaunch.NHgaJt/native-off-2820/home/state/native-off.git-hooks: Directory not empty
rm: /Users/mremond/.no-mistakes/worktrees/acf4a767348a/01M4AX10ZC7N8D2XBFQHB3V6A5/.test-6202/relaunch-tmp/fm-control-relaunch.NHgaJt/native-off-2820/home/state: Directory not empty
rm: /Users/mremond/.no-mistakes/worktrees/acf4a767348a/01M4AX10ZC7N8D2XBFQHB3V6A5/.test-6202/relaunch-tmp/fm-control-relaunch.NHgaJt/native-off-2820/home: Directory not empty
rm: /Users/mremond/.no-mistakes/worktrees/acf4a767348a/01M4AX10ZC7N8D2XBFQHB3V6A5/.test-6202/relaunch-tmp/fm-control-relaunch.NHgaJt/native-off-2820: Directory not empty
rm: /Users/mremond/.no-mistakes/worktrees/acf4a767348a/01M4AX10ZC7N8D2XBFQHB3V6A5/.test-6202/relaunch-tmp/fm-control-relaunch.NHgaJt/promotebranch-3307/home/state/rl42.git-hooks/pre-rebase: Permission denied
rm: /Users/mremond/.no-mistakes/worktrees/acf4a767348a/01M4AX10ZC7N8D2XBFQHB3V6A5/.test-6202/relaunch-tmp/fm-control-relaunch.NHgaJt/promotebranch-3307/home/state/rl42.git-hooks/pre-applypatch: Permission denied
rm: /Users/mremond/.no-mistakes/worktrees/acf4a767348a/01M4AX10ZC7N8D2XBFQHB3V6A5/.test-6202/relaunch-tmp/fm-control-relaunch.NHgaJt/promotebranch-3307/home/state/rl42.git-hooks/pre-auto-gc: Permission denied
rm: /Users/mremond/.no-mistakes/worktrees/acf4a767348a/01M4AX10ZC7N8D2XBFQHB3V6A5/.test-6202/relaunch-tmp/fm-control-relaunch.NHgaJt/promotebranch-3307/home/state/rl42.git-hooks/pre-merge-commit: Permission denied
rm: /Users/mremond/.no-mistakes/worktrees/acf4a767348a/01M4AX10ZC7N8D2XBFQHB3V6A5/.test-6202/relaunch-tmp/fm-control-relaunch.NHgaJt/promotebranch-3307/home/state/rl42.git-hooks/post-commit: Permission denied
rm: /Users/mremond/.no-mistakes/worktrees/acf4a767348a/01M4AX10ZC7N8D2XBFQHB3V6A5/.test-6202/relaunch-tmp/fm-control-relaunch.NHgaJt/promotebranch-3307/home/state/rl42.git-hooks/sendemail-validate: Permission denied
rm: /Users/mremond/.no-mistakes/worktrees/acf4a767348a/01M4AX10ZC7N8D2XBFQHB3V6A5/.test-6202/relaunch-tmp/fm-control-relaunch.NHgaJt/promotebranch-3307/home/state/rl42.git-hooks/applypatch-msg: Permission denied
rm: /Users/mremond/.no-mistakes/worktrees/acf4a767348a/01M4AX10ZC7N8D2XBFQHB3V6A5/.test-6202/relaunch-tmp/fm-control-relaunch.NHgaJt/promotebranch-3307/home/state/rl42.git-hooks/prepare-commit-msg: Permission denied
rm: /Users/mremond/.no-mistakes/worktrees/acf4a767348a/01M4AX10ZC7N8D2XBFQHB3V6A5/.test-6202/relaunch-tmp/fm-control-relaunch.NHgaJt/promotebranch-3307/home/state/rl42.git-hooks/post-checkout: Permission denied
rm: /Users/mremond/.no-mistakes/worktrees/acf4a767348a/01M4AX10ZC7N8D2XBFQHB3V6A5/.test-6202/relaunch-tmp/fm-control-relaunch.NHgaJt/promotebranch-3307/home/state/rl42.git-hooks/post-applypatch: Permission denied
rm: /Users/mremond/.no-mistakes/worktrees/acf4a767348a/01M4AX10ZC7N8D2XBFQHB3V6A5/.test-6202/relaunch-tmp/fm-control-relaunch.NHgaJt/promotebranch-3307/home/state/rl42.git-hooks/post-rewrite: Permission denied
rm: /Users/mremond/.no-mistakes/worktrees/acf4a767348a/01M4AX10ZC7N8D2XBFQHB3V6A5/.test-6202/relaunch-tmp/fm-control-relaunch.NHgaJt/promotebranch-3307/home/state/rl42.git-hooks/commit-msg: Permission denied
rm: /Users/mremond/.no-mistakes/worktrees/acf4a767348a/01M4AX10ZC7N8D2XBFQHB3V6A5/.test-6202/relaunch-tmp/fm-control-relaunch.NHgaJt/promotebranch-3307/home/state/rl42.git-hooks/pre-push: Permission denied
rm: /Users/mremond/.no-mistakes/worktrees/acf4a767348a/01M4AX10ZC7N8D2XBFQHB3V6A5/.test-6202/relaunch-tmp/fm-control-relaunch.NHgaJt/promotebranch-3307/home/state/rl42.git-hooks/post-merge: Permission denied
rm: /Users/mremond/.no-mistakes/worktrees/acf4a767348a/01M4AX10ZC7N8D2XBFQHB3V6A5/.test-6202/relaunch-tmp/fm-control-relaunch.NHgaJt/promotebranch-3307/home/state/rl42.git-hooks/pre-commit: Permission denied
rm: /Users/mremond/.no-mistakes/worktrees/acf4a767348a/01M4AX10ZC7N8D2XBFQHB3V6A5/.test-6202/relaunch-tmp/fm-control-relaunch.NHgaJt/promotebranch-3307/home/state/rl42.git-hooks: Directory not empty
rm: /Users/mremond/.no-mistakes/worktrees/acf4a767348a/01M4AX10ZC7N8D2XBFQHB3V6A5/.test-6202/relaunch-tmp/fm-control-relaunch.NHgaJt/promotebranch-3307/home/state: Directory not empty
rm: /Users/mremond/.no-mistakes/worktrees/acf4a767348a/01M4AX10ZC7N8D2XBFQHB3V6A5/.test-6202/relaunch-tmp/fm-control-relaunch.NHgaJt/promotebranch-3307/home: Directory not empty
rm: /Users/mremond/.no-mistakes/worktrees/acf4a767348a/01M4AX10ZC7N8D2XBFQHB3V6A5/.test-6202/relaunch-tmp/fm-control-relaunch.NHgaJt/promotebranch-3307: Directory not empty
rm: /Users/mremond/.no-mistakes/worktrees/acf4a767348a/01M4AX10ZC7N8D2XBFQHB3V6A5/.test-6202/relaunch-tmp/fm-control-relaunch.NHgaJt/completejournal-31330/home/state/rl27.git-hooks/pre-rebase: Permission denied
rm: /Users/mremond/.no-mistakes/worktrees/acf4a767348a/01M4AX10ZC7N8D2XBFQHB3V6A5/.test-6202/relaunch-tmp/fm-control-relaunch.NHgaJt/completejournal-31330/home/state/rl27.git-hooks/pre-applypatch: Permission denied
rm: /Users/mremond/.no-mistakes/worktrees/acf4a767348a/01M4AX10ZC7N8D2XBFQHB3V6A5/.test-6202/relaunch-tmp/fm-control-relaunch.NHgaJt/completejournal-31330/home/state/rl27.git-hooks/pre-auto-gc: Permission denied
rm: /Users/mremond/.no-mistakes/worktrees/acf4a767348a/01M4AX10ZC7N8D2XBFQHB3V6A5/.test-6202/relaunch-tmp/fm-control-relaunch.NHgaJt/completejournal-31330/home/state/rl27.git-hooks/pre-merge-commit: Permission denied
rm: /Users/mremond/.no-mistakes/worktrees/acf4a767348a/01M4AX10ZC7N8D2XBFQHB3V6A5/.test-6202/relaunch-tmp/fm-control-relaunch.NHgaJt/completejournal-31330/home/state/rl27.git-hooks/post-commit: Permission denied
rm: /Users/mremond/.no-mistakes/worktrees/acf4a767348a/01M4AX10ZC7N8D2XBFQHB3V6A5/.test-6202/relaunch-tmp/fm-control-relaunch.NHgaJt/completejournal-31330/home/state/rl27.git-hooks/sendemail-validate: Permission denied
rm: /Users/mremond/.no-mistakes/worktrees/acf4a767348a/01M4AX10ZC7N8D2XBFQHB3V6A5/.test-6202/relaunch-tmp/fm-control-relaunch.NHgaJt/completejournal-31330/home/state/rl27.git-hooks/applypatch-msg: Permission denied
rm: /Users/mremond/.no-mistakes/worktrees/acf4a767348a/01M4AX10ZC7N8D2XBFQHB3V6A5/.test-6202/relaunch-tmp/fm-control-relaunch.NHgaJt/completejournal-31330/home/state/rl27.git-hooks/prepare-commit-msg: Permission denied
rm: /Users/mremond/.no-mistakes/worktrees/acf4a767348a/01M4AX10ZC7N8D2XBFQHB3V6A5/.test-6202/relaunch-tmp/fm-control-relaunch.NHgaJt/completejournal-31330/home/state/rl27.git-hooks/post-checkout: Permission denied
rm: /Users/mremond/.no-mistakes/worktrees/acf4a767348a/01M4AX10ZC7N8D2XBFQHB3V6A5/.test-6202/relaunch-tmp/fm-control-relaunch.NHgaJt/completejournal-31330/home/state/rl27.git-hooks/post-applypatch: Permission denied
rm: /Users/mremond/.no-mistakes/worktrees/acf4a767348a/01M4AX10ZC7N8D2XBFQHB3V6A5/.test-6202/relaunch-tmp/fm-control-relaunch.NHgaJt/completejournal-31330/home/state/rl27.git-hooks/post-rewrite: Permission denied
rm: /Users/mremond/.no-mistakes/worktrees/acf4a767348a/01M4AX10ZC7N8D2XBFQHB3V6A5/.test-6202/relaunch-tmp/fm-control-relaunch.NHgaJt/completejournal-31330/home/state/rl27.git-hooks/commit-msg: Permission denied
rm: /Users/mremond/.no-mistakes/worktrees/acf4a767348a/01M4AX10ZC7N8D2XBFQHB3V6A5/.test-6202/relaunch-tmp/fm-control-relaunch.NHgaJt/completejournal-31330/home/state/rl27.git-hooks/pre-push: Permission denied
rm: /Users/mremond/.no-mistakes/worktrees/acf4a767348a/01M4AX10ZC7N8D2XBFQHB3V6A5/.test-6202/relaunch-tmp/fm-control-relaunch.NHgaJt/completejournal-31330/home/state/rl27.git-hooks/post-merge: Permission denied
rm: /Users/mremond/.no-mistakes/worktrees/acf4a767348a/01M4AX10ZC7N8D2XBFQHB3V6A5/.test-6202/relaunch-tmp/fm-control-relaunch.NHgaJt/completejournal-31330/home/state/rl27.git-hooks/pre-commit: Permission denied
rm: /Users/mremond/.no-mistakes/worktrees/acf4a767348a/01M4AX10ZC7N8D2XBFQHB3V6A5/.test-6202/relaunch-tmp/fm-control-relaunch.NHgaJt/completejournal-31330/home/state/rl27.git-hooks: Directory not empty
rm: /Users/mremond/.no-mistakes/worktrees/acf4a767348a/01M4AX10ZC7N8D2XBFQHB3V6A5/.test-6202/relaunch-tmp/fm-control-relaunch.NHgaJt/completejournal-31330/home/state: Directory not empty
rm: /Users/mremond/.no-mistakes/worktrees/acf4a767348a/01M4AX10ZC7N8D2XBFQHB3V6A5/.test-6202/relaunch-tmp/fm-control-relaunch.NHgaJt/completejournal-31330/home: Directory not empty
rm: /Users/mremond/.no-mistakes/worktrees/acf4a767348a/01M4AX10ZC7N8D2XBFQHB3V6A5/.test-6202/relaunch-tmp/fm-control-relaunch.NHgaJt/completejournal-31330: Directory not empty
rm: /Users/mremond/.no-mistakes/worktrees/acf4a767348a/01M4AX10ZC7N8D2XBFQHB3V6A5/.test-6202/relaunch-tmp/fm-control-relaunch.NHgaJt/promoted-scout-no-mistakes-6421/home/state/rl-promoted-no-mistakes.git-hooks/pre-rebase: Permission denied
rm: /Users/mremond/.no-mistakes/worktrees/acf4a767348a/01M4AX10ZC7N8D2XBFQHB3V6A5/.test-6202/relaunch-tmp/fm-control-relaunch.NHgaJt/promoted-scout-no-mistakes-6421/home/state/rl-promoted-no-mistakes.git-hooks/pre-applypatch: Permission denied
rm: /Users/mremond/.no-mistakes/worktrees/acf4a767348a/01M4AX10ZC7N8D2XBFQHB3V6A5/.test-6202/relaunch-tmp/fm-control-relaunch.NHgaJt/promoted-scout-no-mistakes-6421/home/state/rl-promoted-no-mistakes.git-hooks/pre-auto-gc: Permission denied
rm: /Users/mremond/.no-mistakes/worktrees/acf4a767348a/01M4AX10ZC7N8D2XBFQHB3V6A5/.test-6202/relaunch-tmp/fm-control-relaunch.NHgaJt/promoted-scout-no-mistakes-6421/home/state/rl-promoted-no-mistakes.git-hooks/pre-merge-commit: Permission denied
rm: /Users/mremond/.no-mistakes/worktrees/acf4a767348a/01M4AX10ZC7N8D2XBFQHB3V6A5/.test-6202/relaunch-tmp/fm-control-relaunch.NHgaJt/promoted-scout-no-mistakes-6421/home/state/rl-promoted-no-mistakes.git-hooks/post-commit: Permission denied
rm: /Users/mremond/.no-mistakes/worktrees/acf4a767348a/01M4AX10ZC7N8D2XBFQHB3V6A5/.test-6202/relaunch-tmp/fm-control-relaunch.NHgaJt/promoted-scout-no-mistakes-6421/home/state/rl-promoted-no-mistakes.git-hooks/sendemail-validate: Permission denied
rm: /Users/mremond/.no-mistakes/worktrees/acf4a767348a/01M4AX10ZC7N8D2XBFQHB3V6A5/.test-6202/relaunch-tmp/fm-control-relaunch.NHgaJt/promoted-scout-no-mistakes-6421/home/state/rl-promoted-no-mistakes.git-hooks/applypatch-msg: Permission denied
rm: /Users/mremond/.no-mistakes/worktrees/acf4a767348a/01M4AX10ZC7N8D2XBFQHB3V6A5/.test-6202/relaunch-tmp/fm-control-relaunch.NHgaJt/promoted-scout-no-mistakes-6421/home/state/rl-promoted-no-mistakes.git-hooks/prepare-commit-msg: Permission denied
rm: /Users/mremond/.no-mistakes/worktrees/acf4a767348a/01M4AX10ZC7N8D2XBFQHB3V6A5/.test-6202/relaunch-tmp/fm-control-relaunch.NHgaJt/promoted-scout-no-mistakes-6421/home/state/rl-promoted-no-mistakes.git-hooks/post-checkout: Permission denied
rm: /Users/mremond/.no-mistakes/worktrees/acf4a767348a/01M4AX10ZC7N8D2XBFQHB3V6A5/.test-6202/relaunch-tmp/fm-control-relaunch.NHgaJt/promoted-scout-no-mistakes-6421/home/state/rl-promoted-no-mistakes.git-hooks/post-applypatch: Permission denied
rm: /Users/mremond/.no-mistakes/worktrees/acf4a767348a/01M4AX10ZC7N8D2XBFQHB3V6A5/.test-6202/relaunch-tmp/fm-control-relaunch.NHgaJt/promoted-scout-no-mistakes-6421/home/state/rl-promoted-no-mistakes.git-hooks/post-rewrite: Permission denied
rm: /Users/mremond/.no-mistakes/worktrees/acf4a767348a/01M4AX10ZC7N8D2XBFQHB3V6A5/.test-6202/relaunch-tmp/fm-control-relaunch.NHgaJt/promoted-scout-no-mistakes-6421/home/state/rl-promoted-no-mistakes.git-hooks/commit-msg: Permission denied
rm: /Users/mremond/.no-mistakes/worktrees/acf4a767348a/01M4AX10ZC7N8D2XBFQHB3V6A5/.test-6202/relaunch-tmp/fm-control-relaunch.NHgaJt/promoted-scout-no-mistakes-6421/home/state/rl-promoted-no-mistakes.git-hooks/pre-push: Permission denied
rm: /Users/mremond/.no-mistakes/worktrees/acf4a767348a/01M4AX10ZC7N8D2XBFQHB3V6A5/.test-6202/relaunch-tmp/fm-control-relaunch.NHgaJt/promoted-scout-no-mistakes-6421/home/state/rl-promoted-no-mistakes.git-hooks/post-merge: Permission denied
rm: /Users/mremond/.no-mistakes/worktrees/acf4a767348a/01M4AX10ZC7N8D2XBFQHB3V6A5/.test-6202/relaunch-tmp/fm-control-relaunch.NHgaJt/promoted-scout-no-mistakes-6421/home/state/rl-promoted-no-mistakes.git-hooks/pre-commit: Permission denied
rm: /Users/mremond/.no-mistakes/worktrees/acf4a767348a/01M4AX10ZC7N8D2XBFQHB3V6A5/.test-6202/relaunch-tmp/fm-control-relaunch.NHgaJt/promoted-scout-no-mistakes-6421/home/state/rl-promoted-no-mistakes.git-hooks: Directory not empty
rm: /Users/mremond/.no-mistakes/worktrees/acf4a767348a/01M4AX10ZC7N8D2XBFQHB3V6A5/.test-6202/relaunch-tmp/fm-control-relaunch.NHgaJt/promoted-scout-no-mistakes-6421/home/state: Directory not empty
rm: /Users/mremond/.no-mistakes/worktrees/acf4a767348a/01M4AX10ZC7N8D2XBFQHB3V6A5/.test-6202/relaunch-tmp/fm-control-relaunch.NHgaJt/promoted-scout-no-mistakes-6421/home: Directory not empty
rm: /Users/mremond/.no-mistakes/worktrees/acf4a767348a/01M4AX10ZC7N8D2XBFQHB3V6A5/.test-6202/relaunch-tmp/fm-control-relaunch.NHgaJt/promoted-scout-no-mistakes-6421: Directory not empty
rm: /Users/mremond/.no-mistakes/worktrees/acf4a767348a/01M4AX10ZC7N8D2XBFQHB3V6A5/.test-6202/relaunch-tmp/fm-control-relaunch.NHgaJt/linked-home-7454/home/state/rl42.git-hooks/pre-rebase: Permission denied
rm: /Users/mremond/.no-mistakes/worktrees/acf4a767348a/01M4AX10ZC7N8D2XBFQHB3V6A5/.test-6202/relaunch-tmp/fm-control-relaunch.NHgaJt/linked-home-7454/home/state/rl42.git-hooks/pre-applypatch: Permission denied
rm: /Users/mremond/.no-mistakes/worktrees/acf4a767348a/01M4AX10ZC7N8D2XBFQHB3V6A5/.test-6202/relaunch-tmp/fm-control-relaunch.NHgaJt/linked-home-7454/home/state/rl42.git-hooks/pre-auto-gc: Permission denied
rm: /Users/mremond/.no-mistakes/worktrees/acf4a767348a/01M4AX10ZC7N8D2XBFQHB3V6A5/.test-6202/relaunch-tmp/fm-control-relaunch.NHgaJt/linked-home-7454/home/state/rl42.git-hooks/pre-merge-commit: Permission denied
rm: /Users/mremond/.no-mistakes/worktrees/acf4a767348a/01M4AX10ZC7N8D2XBFQHB3V6A5/.test-6202/relaunch-tmp/fm-control-relaunch.NHgaJt/linked-home-7454/home/state/rl42.git-hooks/post-commit: Permission denied
rm: /Users/mremond/.no-mistakes/worktrees/acf4a767348a/01M4AX10ZC7N8D2XBFQHB3V6A5/.test-6202/relaunch-tmp/fm-control-relaunch.NHgaJt/linked-home-7454/home/state/rl42.git-hooks/sendemail-validate: Permission denied
rm: /Users/mremond/.no-mistakes/worktrees/acf4a767348a/01M4AX10ZC7N8D2XBFQHB3V6A5/.test-6202/relaunch-tmp/fm-control-relaunch.NHgaJt/linked-home-7454/home/state/rl42.git-hooks/applypatch-msg: Permission denied
rm: /Users/mremond/.no-mistakes/worktrees/acf4a767348a/01M4AX10ZC7N8D2XBFQHB3V6A5/.test-6202/relaunch-tmp/fm-control-relaunch.NHgaJt/linked-home-7454/home/state/rl42.git-hooks/prepare-commit-msg: Permission denied
rm: /Users/mremond/.no-mistakes/worktrees/acf4a767348a/01M4AX10ZC7N8D2XBFQHB3V6A5/.test-6202/relaunch-tmp/fm-control-relaunch.NHgaJt/linked-home-7454/home/state/rl42.git-hooks/post-checkout: Permission denied
rm: /Users/mremond/.no-mistakes/worktrees/acf4a767348a/01M4AX10ZC7N8D2XBFQHB3V6A5/.test-6202/relaunch-tmp/fm-control-relaunch.NHgaJt/linked-home-7454/home/state/rl42.git-hooks/post-applypatch: Permission denied
rm: /Users/mremond/.no-mistakes/worktrees/acf4a767348a/01M4AX10ZC7N8D2XBFQHB3V6A5/.test-6202/relaunch-tmp/fm-control-relaunch.NHgaJt/linked-home-7454/home/state/rl42.git-hooks/post-rewrite: Permission denied
rm: /Users/mremond/.no-mistakes/worktrees/acf4a767348a/01M4AX10ZC7N8D2XBFQHB3V6A5/.test-6202/relaunch-tmp/fm-control-relaunch.NHgaJt/linked-home-7454/home/state/rl42.git-hooks/commit-msg: Permission denied
rm: /Users/mremond/.no-mistakes/worktrees/acf4a767348a/01M4AX10ZC7N8D2XBFQHB3V6A5/.test-6202/relaunch-tmp/fm-control-relaunch.NHgaJt/linked-home-7454/home/state/rl42.git-hooks/pre-push: Permission denied
rm: /Users/mremond/.no-mistakes/worktrees/acf4a767348a/01M4AX10ZC7N8D2XBFQHB3V6A5/.test-6202/relaunch-tmp/fm-control-relaunch.NHgaJt/linked-home-7454/home/state/rl42.git-hooks/post-merge: Permission denied
rm: /Users/mremond/.no-mistakes/worktrees/acf4a767348a/01M4AX10ZC7N8D2XBFQHB3V6A5/.test-6202/relaunch-tmp/fm-control-relaunch.NHgaJt/linked-home-7454/home/state/rl42.git-hooks/pre-commit: Permission denied
rm: /Users/mremond/.no-mistakes/worktrees/acf4a767348a/01M4AX10ZC7N8D2XBFQHB3V6A5/.test-6202/relaunch-tmp/fm-control-relaunch.NHgaJt/linked-home-7454/home/state/rl42.git-hooks: Directory not empty
rm: /Users/mremond/.no-mistakes/worktrees/acf4a767348a/01M4AX10ZC7N8D2XBFQHB3V6A5/.test-6202/relaunch-tmp/fm-control-relaunch.NHgaJt/linked-home-7454/home/state: Directory not empty
rm: /Users/mremond/.no-mistakes/worktrees/acf4a767348a/01M4AX10ZC7N8D2XBFQHB3V6A5/.test-6202/relaunch-tmp/fm-control-relaunch.NHgaJt/linked-home-7454/home: Directory not empty
rm: /Users/mremond/.no-mistakes/worktrees/acf4a767348a/01M4AX10ZC7N8D2XBFQHB3V6A5/.test-6202/relaunch-tmp/fm-control-relaunch.NHgaJt/linked-home-7454: Directory not empty
rm: /Users/mremond/.no-mistakes/worktrees/acf4a767348a/01M4AX10ZC7N8D2XBFQHB3V6A5/.test-6202/relaunch-tmp/fm-control-relaunch.NHgaJt/reverify-24781/home/state/rl40.git-hooks/pre-rebase: Permission denied
rm: /Users/mremond/.no-mistakes/worktrees/acf4a767348a/01M4AX10ZC7N8D2XBFQHB3V6A5/.test-6202/relaunch-tmp/fm-control-relaunch.NHgaJt/reverify-24781/home/state/rl40.git-hooks/pre-applypatch: Permission denied
rm: /Users/mremond/.no-mistakes/worktrees/acf4a767348a/01M4AX10ZC7N8D2XBFQHB3V6A5/.test-6202/relaunch-tmp/fm-control-relaunch.NHgaJt/reverify-24781/home/state/rl40.git-hooks/pre-auto-gc: Permission denied
rm: /Users/mremond/.no-mistakes/worktrees/acf4a767348a/01M4AX10ZC7N8D2XBFQHB3V6A5/.test-6202/relaunch-tmp/fm-control-relaunch.NHgaJt/reverify-24781/home/state/rl40.git-hooks/pre-merge-commit: Permission denied
rm: /Users/mremond/.no-mistakes/worktrees/acf4a767348a/01M4AX10ZC7N8D2XBFQHB3V6A5/.test-6202/relaunch-tmp/fm-control-relaunch.NHgaJt/reverify-24781/home/state/rl40.git-hooks/post-commit: Permission denied
rm: /Users/mremond/.no-mistakes/worktrees/acf4a767348a/01M4AX10ZC7N8D2XBFQHB3V6A5/.test-6202/relaunch-tmp/fm-control-relaunch.NHgaJt/reverify-24781/home/state/rl40.git-hooks/sendemail-validate: Permission denied
rm: /Users/mremond/.no-mistakes/worktrees/acf4a767348a/01M4AX10ZC7N8D2XBFQHB3V6A5/.test-6202/relaunch-tmp/fm-control-relaunch.NHgaJt/reverify-24781/home/state/rl40.git-hooks/applypatch-msg: Permission denied
rm: /Users/mremond/.no-mistakes/worktrees/acf4a767348a/01M4AX10ZC7N8D2XBFQHB3V6A5/.test-6202/relaunch-tmp/fm-control-relaunch.NHgaJt/reverify-24781/home/state/rl40.git-hooks/prepare-commit-msg: Permission denied
rm: /Users/mremond/.no-mistakes/worktrees/acf4a767348a/01M4AX10ZC7N8D2XBFQHB3V6A5/.test-6202/relaunch-tmp/fm-control-relaunch.NHgaJt/reverify-24781/home/state/rl40.git-hooks/post-checkout: Permission denied
rm: /Users/mremond/.no-mistakes/worktrees/acf4a767348a/01M4AX10ZC7N8D2XBFQHB3V6A5/.test-6202/relaunch-tmp/fm-control-relaunch.NHgaJt/reverify-24781/home/state/rl40.git-hooks/post-applypatch: Permission denied
rm: /Users/mremond/.no-mistakes/worktrees/acf4a767348a/01M4AX10ZC7N8D2XBFQHB3V6A5/.test-6202/relaunch-tmp/fm-control-relaunch.NHgaJt/reverify-24781/home/state/rl40.git-hooks/post-rewrite: Permission denied
rm: /Users/mremond/.no-mistakes/worktrees/acf4a767348a/01M4AX10ZC7N8D2XBFQHB3V6A5/.test-6202/relaunch-tmp/fm-control-relaunch.NHgaJt/reverify-24781/home/state/rl40.git-hooks/commit-msg: Permission denied
rm: /Users/mremond/.no-mistakes/worktrees/acf4a767348a/01M4AX10ZC7N8D2XBFQHB3V6A5/.test-6202/relaunch-tmp/fm-control-relaunch.NHgaJt/reverify-24781/home/state/rl40.git-hooks/pre-push: Permission denied
rm: /Users/mremond/.no-mistakes/worktrees/acf4a767348a/01M4AX10ZC7N8D2XBFQHB3V6A5/.test-6202/relaunch-tmp/fm-control-relaunch.NHgaJt/reverify-24781/home/state/rl40.git-hooks/post-merge: Permission denied
rm: /Users/mremond/.no-mistakes/worktrees/acf4a767348a/01M4AX10ZC7N8D2XBFQHB3V6A5/.test-6202/relaunch-tmp/fm-control-relaunch.NHgaJt/reverify-24781/home/state/rl40.git-hooks/pre-commit: Permission denied
rm: /Users/mremond/.no-mistakes/worktrees/acf4a767348a/01M4AX10ZC7N8D2XBFQHB3V6A5/.test-6202/relaunch-tmp/fm-control-relaunch.NHgaJt/reverify-24781/home/state/rl40.git-hooks: Directory not empty
rm: /Users/mremond/.no-mistakes/worktrees/acf4a767348a/01M4AX10ZC7N8D2XBFQHB3V6A5/.test-6202/relaunch-tmp/fm-control-relaunch.NHgaJt/reverify-24781/home/state: Directory not empty
rm: /Users/mremond/.no-mistakes/worktrees/acf4a767348a/01M4AX10ZC7N8D2XBFQHB3V6A5/.test-6202/relaunch-tmp/fm-control-relaunch.NHgaJt/reverify-24781/home: Directory not empty
rm: /Users/mremond/.no-mistakes/worktrees/acf4a767348a/01M4AX10ZC7N8D2XBFQHB3V6A5/.test-6202/relaunch-tmp/fm-control-relaunch.NHgaJt/reverify-24781: Directory not empty
rm: /Users/mremond/.no-mistakes/worktrees/acf4a767348a/01M4AX10ZC7N8D2XBFQHB3V6A5/.test-6202/relaunch-tmp/fm-control-relaunch.NHgaJt/explicit-6024/home/state/rl7.git-hooks/pre-rebase: Permission denied
rm: /Users/mremond/.no-mistakes/worktrees/acf4a767348a/01M4AX10ZC7N8D2XBFQHB3V6A5/.test-6202/relaunch-tmp/fm-control-relaunch.NHgaJt/explicit-6024/home/state/rl7.git-hooks/pre-applypatch: Permission denied
rm: /Users/mremond/.no-mistakes/worktrees/acf4a767348a/01M4AX10ZC7N8D2XBFQHB3V6A5/.test-6202/relaunch-tmp/fm-control-relaunch.NHgaJt/explicit-6024/home/state/rl7.git-hooks/pre-auto-gc: Permission denied
rm: /Users/mremond/.no-mistakes/worktrees/acf4a767348a/01M4AX10ZC7N8D2XBFQHB3V6A5/.test-6202/relaunch-tmp/fm-control-relaunch.NHgaJt/explicit-6024/home/state/rl7.git-hooks/pre-merge-commit: Permission denied
rm: /Users/mremond/.no-mistakes/worktrees/acf4a767348a/01M4AX10ZC7N8D2XBFQHB3V6A5/.test-6202/relaunch-tmp/fm-control-relaunch.NHgaJt/explicit-6024/home/state/rl7.git-hooks/post-commit: Permission denied
rm: /Users/mremond/.no-mistakes/worktrees/acf4a767348a/01M4AX10ZC7N8D2XBFQHB3V6A5/.test-6202/relaunch-tmp/fm-control-relaunch.NHgaJt/explicit-6024/home/state/rl7.git-hooks/sendemail-validate: Permission denied
rm: /Users/mremond/.no-mistakes/worktrees/acf4a767348a/01M4AX10ZC7N8D2XBFQHB3V6A5/.test-6202/relaunch-tmp/fm-control-relaunch.NHgaJt/explicit-6024/home/state/rl7.git-hooks/applypatch-msg: Permission denied
rm: /Users/mremond/.no-mistakes/worktrees/acf4a767348a/01M4AX10ZC7N8D2XBFQHB3V6A5/.test-6202/relaunch-tmp/fm-control-relaunch.NHgaJt/explicit-6024/home/state/rl7.git-hooks/prepare-commit-msg: Permission denied
rm: /Users/mremond/.no-mistakes/worktrees/acf4a767348a/01M4AX10ZC7N8D2XBFQHB3V6A5/.test-6202/relaunch-tmp/fm-control-relaunch.NHgaJt/explicit-6024/home/state/rl7.git-hooks/post-checkout: Permission denied
rm: /Users/mremond/.no-mistakes/worktrees/acf4a767348a/01M4AX10ZC7N8D2XBFQHB3V6A5/.test-6202/relaunch-tmp/fm-control-relaunch.NHgaJt/explicit-6024/home/state/rl7.git-hooks/post-applypatch: Permission denied
rm: /Users/mremond/.no-mistakes/worktrees/acf4a767348a/01M4AX10ZC7N8D2XBFQHB3V6A5/.test-6202/relaunch-tmp/fm-control-relaunch.NHgaJt/explicit-6024/home/state/rl7.git-hooks/post-rewrite: Permission denied
rm: /Users/mremond/.no-mistakes/worktrees/acf4a767348a/01M4AX10ZC7N8D2XBFQHB3V6A5/.test-6202/relaunch-tmp/fm-control-relaunch.NHgaJt/explicit-6024/home/state/rl7.git-hooks/commit-msg: Permission denied
rm: /Users/mremond/.no-mistakes/worktrees/acf4a767348a/01M4AX10ZC7N8D2XBFQHB3V6A5/.test-6202/relaunch-tmp/fm-control-relaunch.NHgaJt/explicit-6024/home/state/rl7.git-hooks/pre-push: Permission denied
rm: /Users/mremond/.no-mistakes/worktrees/acf4a767348a/01M4AX10ZC7N8D2XBFQHB3V6A5/.test-6202/relaunch-tmp/fm-control-relaunch.NHgaJt/explicit-6024/home/state/rl7.git-hooks/post-merge: Permission denied
rm: /Users/mremond/.no-mistakes/worktrees/acf4a767348a/01M4AX10ZC7N8D2XBFQHB3V6A5/.test-6202/relaunch-tmp/fm-control-relaunch.NHgaJt/explicit-6024/home/state/rl7.git-hooks/pre-commit: Permission denied
rm: /Users/mremond/.no-mistakes/worktrees/acf4a767348a/01M4AX10ZC7N8D2XBFQHB3V6A5/.test-6202/relaunch-tmp/fm-control-relaunch.NHgaJt/explicit-6024/home/state/rl7.git-hooks: Directory not empty
rm: /Users/mremond/.no-mistakes/worktrees/acf4a767348a/01M4AX10ZC7N8D2XBFQHB3V6A5/.test-6202/relaunch-tmp/fm-control-relaunch.NHgaJt/explicit-6024/home/state: Directory not empty
rm: /Users/mremond/.no-mistakes/worktrees/acf4a767348a/01M4AX10ZC7N8D2XBFQHB3V6A5/.test-6202/relaunch-tmp/fm-control-relaunch.NHgaJt/explicit-6024/home: Directory not empty
rm: /Users/mremond/.no-mistakes/worktrees/acf4a767348a/01M4AX10ZC7N8D2XBFQHB3V6A5/.test-6202/relaunch-tmp/fm-control-relaunch.NHgaJt/explicit-6024: Directory not empty
rm: /Users/mremond/.no-mistakes/worktrees/acf4a767348a/01M4AX10ZC7N8D2XBFQHB3V6A5/.test-6202/relaunch-tmp/fm-control-relaunch.NHgaJt/dialog-file-relaunch-28482/home/state/rl71.git-hooks/pre-rebase: Permission denied
rm: /Users/mremond/.no-mistakes/worktrees/acf4a767348a/01M4AX10ZC7N8D2XBFQHB3V6A5/.test-6202/relaunch-tmp/fm-control-relaunch.NHgaJt/dialog-file-relaunch-28482/home/state/rl71.git-hooks/pre-applypatch: Permission denied
rm: /Users/mremond/.no-mistakes/worktrees/acf4a767348a/01M4AX10ZC7N8D2XBFQHB3V6A5/.test-6202/relaunch-tmp/fm-control-relaunch.NHgaJt/dialog-file-relaunch-28482/home/state/rl71.git-hooks/pre-auto-gc: Permission denied
rm: /Users/mremond/.no-mistakes/worktrees/acf4a767348a/01M4AX10ZC7N8D2XBFQHB3V6A5/.test-6202/relaunch-tmp/fm-control-relaunch.NHgaJt/dialog-file-relaunch-28482/home/state/rl71.git-hooks/pre-merge-commit: Permission denied
rm: /Users/mremond/.no-mistakes/worktrees/acf4a767348a/01M4AX10ZC7N8D2XBFQHB3V6A5/.test-6202/relaunch-tmp/fm-control-relaunch.NHgaJt/dialog-file-relaunch-28482/home/state/rl71.git-hooks/post-commit: Permission denied
rm: /Users/mremond/.no-mistakes/worktrees/acf4a767348a/01M4AX10ZC7N8D2XBFQHB3V6A5/.test-6202/relaunch-tmp/fm-control-relaunch.NHgaJt/dialog-file-relaunch-28482/home/state/rl71.git-hooks/sendemail-validate: Permission denied
rm: /Users/mremond/.no-mistakes/worktrees/acf4a767348a/01M4AX10ZC7N8D2XBFQHB3V6A5/.test-6202/relaunch-tmp/fm-control-relaunch.NHgaJt/dialog-file-relaunch-28482/home/state/rl71.git-hooks/applypatch-msg: Permission denied
rm: /Users/mremond/.no-mistakes/worktrees/acf4a767348a/01M4AX10ZC7N8D2XBFQHB3V6A5/.test-6202/relaunch-tmp/fm-control-relaunch.NHgaJt/dialog-file-relaunch-28482/home/state/rl71.git-hooks/prepare-commit-msg: Permission denied
rm: /Users/mremond/.no-mistakes/worktrees/acf4a767348a/01M4AX10ZC7N8D2XBFQHB3V6A5/.test-6202/relaunch-tmp/fm-control-relaunch.NHgaJt/dialog-file-relaunch-28482/home/state/rl71.git-hooks/post-checkout: Permission denied
rm: /Users/mremond/.no-mistakes/worktrees/acf4a767348a/01M4AX10ZC7N8D2XBFQHB3V6A5/.test-6202/relaunch-tmp/fm-control-relaunch.NHgaJt/dialog-file-relaunch-28482/home/state/rl71.git-hooks/post-applypatch: Permission denied
rm: /Users/mremond/.no-mistakes/worktrees/acf4a767348a/01M4AX10ZC7N8D2XBFQHB3V6A5/.test-6202/relaunch-tmp/fm-control-relaunch.NHgaJt/dialog-file-relaunch-28482/home/state/rl71.git-hooks/post-rewrite: Permission denied
rm: /Users/mremond/.no-mistakes/worktrees/acf4a767348a/01M4AX10ZC7N8D2XBFQHB3V6A5/.test-6202/relaunch-tmp/fm-control-relaunch.NHgaJt/dialog-file-relaunch-28482/home/state/rl71.git-hooks/commit-msg: Permission denied
rm: /Users/mremond/.no-mistakes/worktrees/acf4a767348a/01M4AX10ZC7N8D2XBFQHB3V6A5/.test-6202/relaunch-tmp/fm-control-relaunch.NHgaJt/dialog-file-relaunch-28482/home/state/rl71.git-hooks/pre-push: Permission denied
rm: /Users/mremond/.no-mistakes/worktrees/acf4a767348a/01M4AX10ZC7N8D2XBFQHB3V6A5/.test-6202/relaunch-tmp/fm-control-relaunch.NHgaJt/dialog-file-relaunch-28482/home/state/rl71.git-hooks/post-merge: Permission denied
rm: /Users/mremond/.no-mistakes/worktrees/acf4a767348a/01M4AX10ZC7N8D2XBFQHB3V6A5/.test-6202/relaunch-tmp/fm-control-relaunch.NHgaJt/dialog-file-relaunch-28482/home/state/rl71.git-hooks/pre-commit: Permission denied
rm: /Users/mremond/.no-mistakes/worktrees/acf4a767348a/01M4AX10ZC7N8D2XBFQHB3V6A5/.test-6202/relaunch-tmp/fm-control-relaunch.NHgaJt/dialog-file-relaunch-28482/home/state/rl71.git-hooks: Directory not empty
rm: /Users/mremond/.no-mistakes/worktrees/acf4a767348a/01M4AX10ZC7N8D2XBFQHB3V6A5/.test-6202/relaunch-tmp/fm-control-relaunch.NHgaJt/dialog-file-relaunch-28482/home/state: Directory not empty
rm: /Users/mremond/.no-mistakes/worktrees/acf4a767348a/01M4AX10ZC7N8D2XBFQHB3V6A5/.test-6202/relaunch-tmp/fm-control-relaunch.NHgaJt/dialog-file-relaunch-28482/home: Directory not empty
rm: /Users/mremond/.no-mistakes/worktrees/acf4a767348a/01M4AX10ZC7N8D2XBFQHB3V6A5/.test-6202/relaunch-tmp/fm-control-relaunch.NHgaJt/dialog-file-relaunch-28482: Directory not empty
rm: /Users/mremond/.no-mistakes/worktrees/acf4a767348a/01M4AX10ZC7N8D2XBFQHB3V6A5/.test-6202/relaunch-tmp/fm-control-relaunch.NHgaJt/spawnharness-18420/home/state/rl21.git-hooks/pre-rebase: Permission denied
rm: /Users/mremond/.no-mistakes/worktrees/acf4a767348a/01M4AX10ZC7N8D2XBFQHB3V6A5/.test-6202/relaunch-tmp/fm-control-relaunch.NHgaJt/spawnharness-18420/home/state/rl21.git-hooks/pre-applypatch: Permission denied
rm: /Users/mremond/.no-mistakes/worktrees/acf4a767348a/01M4AX10ZC7N8D2XBFQHB3V6A5/.test-6202/relaunch-tmp/fm-control-relaunch.NHgaJt/spawnharness-18420/home/state/rl21.git-hooks/pre-auto-gc: Permission denied
rm: /Users/mremond/.no-mistakes/worktrees/acf4a767348a/01M4AX10ZC7N8D2XBFQHB3V6A5/.test-6202/relaunch-tmp/fm-control-relaunch.NHgaJt/spawnharness-18420/home/state/rl21.git-hooks/pre-merge-commit: Permission denied
rm: /Users/mremond/.no-mistakes/worktrees/acf4a767348a/01M4AX10ZC7N8D2XBFQHB3V6A5/.test-6202/relaunch-tmp/fm-control-relaunch.NHgaJt/spawnharness-18420/home/state/rl21.git-hooks/post-commit: Permission denied
rm: /Users/mremond/.no-mistakes/worktrees/acf4a767348a/01M4AX10ZC7N8D2XBFQHB3V6A5/.test-6202/relaunch-tmp/fm-control-relaunch.NHgaJt/spawnharness-18420/home/state/rl21.git-hooks/sendemail-validate: Permission denied
rm: /Users/mremond/.no-mistakes/worktrees/acf4a767348a/01M4AX10ZC7N8D2XBFQHB3V6A5/.test-6202/relaunch-tmp/fm-control-relaunch.NHgaJt/spawnharness-18420/home/state/rl21.git-hooks/applypatch-msg: Permission denied
rm: /Users/mremond/.no-mistakes/worktrees/acf4a767348a/01M4AX10ZC7N8D2XBFQHB3V6A5/.test-6202/relaunch-tmp/fm-control-relaunch.NHgaJt/spawnharness-18420/home/state/rl21.git-hooks/prepare-commit-msg: Permission denied
rm: /Users/mremond/.no-mistakes/worktrees/acf4a767348a/01M4AX10ZC7N8D2XBFQHB3V6A5/.test-6202/relaunch-tmp/fm-control-relaunch.NHgaJt/spawnharness-18420/home/state/rl21.git-hooks/post-checkout: Permission denied
rm: /Users/mremond/.no-mistakes/worktrees/acf4a767348a/01M4AX10ZC7N8D2XBFQHB3V6A5/.test-6202/relaunch-tmp/fm-control-relaunch.NHgaJt/spawnharness-18420/home/state/rl21.git-hooks/post-applypatch: Permission denied
rm: /Users/mremond/.no-mistakes/worktrees/acf4a767348a/01M4AX10ZC7N8D2XBFQHB3V6A5/.test-6202/relaunch-tmp/fm-control-relaunch.NHgaJt/spawnharness-18420/home/state/rl21.git-hooks/post-rewrite: Permission denied
rm: /Users/mremond/.no-mistakes/worktrees/acf4a767348a/01M4AX10ZC7N8D2XBFQHB3V6A5/.test-6202/relaunch-tmp/fm-control-relaunch.NHgaJt/spawnharness-18420/home/state/rl21.git-hooks/commit-msg: Permission denied
rm: /Users/mremond/.no-mistakes/worktrees/acf4a767348a/01M4AX10ZC7N8D2XBFQHB3V6A5/.test-6202/relaunch-tmp/fm-control-relaunch.NHgaJt/spawnharness-18420/home/state/rl21.git-hooks/pre-push: Permission denied
rm: /Users/mremond/.no-mistakes/worktrees/acf4a767348a/01M4AX10ZC7N8D2XBFQHB3V6A5/.test-6202/relaunch-tmp/fm-control-relaunch.NHgaJt/spawnharness-18420/home/state/rl21.git-hooks/post-merge: Permission denied
rm: /Users/mremond/.no-mistakes/worktrees/acf4a767348a/01M4AX10ZC7N8D2XBFQHB3V6A5/.test-6202/relaunch-tmp/fm-control-relaunch.NHgaJt/spawnharness-18420/home/state/rl21.git-hooks/pre-commit: Permission denied
rm: /Users/mremond/.no-mistakes/worktrees/acf4a767348a/01M4AX10ZC7N8D2XBFQHB3V6A5/.test-6202/relaunch-tmp/fm-control-relaunch.NHgaJt/spawnharness-18420/home/state/rl21.git-hooks: Directory not empty
rm: /Users/mremond/.no-mistakes/worktrees/acf4a767348a/01M4AX10ZC7N8D2XBFQHB3V6A5/.test-6202/relaunch-tmp/fm-control-relaunch.NHgaJt/spawnharness-18420/home/state: Directory not empty
rm: /Users/mremond/.no-mistakes/worktrees/acf4a767348a/01M4AX10ZC7N8D2XBFQHB3V6A5/.test-6202/relaunch-tmp/fm-control-relaunch.NHgaJt/spawnharness-18420/home: Directory not empty
rm: /Users/mremond/.no-mistakes/worktrees/acf4a767348a/01M4AX10ZC7N8D2XBFQHB3V6A5/.test-6202/relaunch-tmp/fm-control-relaunch.NHgaJt/spawnharness-18420: Directory not empty
rm: /Users/mremond/.no-mistakes/worktrees/acf4a767348a/01M4AX10ZC7N8D2XBFQHB3V6A5/.test-6202/relaunch-tmp/fm-control-relaunch.NHgaJt/prefixcontrol-49/home/state/rl32.git-hooks/pre-rebase: Permission denied
rm: /Users/mremond/.no-mistakes/worktrees/acf4a767348a/01M4AX10ZC7N8D2XBFQHB3V6A5/.test-6202/relaunch-tmp/fm-control-relaunch.NHgaJt/prefixcontrol-49/home/state/rl32.git-hooks/pre-applypatch: Permission denied
rm: /Users/mremond/.no-mistakes/worktrees/acf4a767348a/01M4AX10ZC7N8D2XBFQHB3V6A5/.test-6202/relaunch-tmp/fm-control-relaunch.NHgaJt/prefixcontrol-49/home/state/rl32.git-hooks/pre-auto-gc: Permission denied
rm: /Users/mremond/.no-mistakes/worktrees/acf4a767348a/01M4AX10ZC7N8D2XBFQHB3V6A5/.test-6202/relaunch-tmp/fm-control-relaunch.NHgaJt/prefixcontrol-49/home/state/rl32.git-hooks/pre-merge-commit: Permission denied
rm: /Users/mremond/.no-mistakes/worktrees/acf4a767348a/01M4AX10ZC7N8D2XBFQHB3V6A5/.test-6202/relaunch-tmp/fm-control-relaunch.NHgaJt/prefixcontrol-49/home/state/rl32.git-hooks/post-commit: Permission denied
rm: /Users/mremond/.no-mistakes/worktrees/acf4a767348a/01M4AX10ZC7N8D2XBFQHB3V6A5/.test-6202/relaunch-tmp/fm-control-relaunch.NHgaJt/prefixcontrol-49/home/state/rl32.git-hooks/sendemail-validate: Permission denied
rm: /Users/mremond/.no-mistakes/worktrees/acf4a767348a/01M4AX10ZC7N8D2XBFQHB3V6A5/.test-6202/relaunch-tmp/fm-control-relaunch.NHgaJt/prefixcontrol-49/home/state/rl32.git-hooks/applypatch-msg: Permission denied
rm: /Users/mremond/.no-mistakes/worktrees/acf4a767348a/01M4AX10ZC7N8D2XBFQHB3V6A5/.test-6202/relaunch-tmp/fm-control-relaunch.NHgaJt/prefixcontrol-49/home/state/rl32.git-hooks/prepare-commit-msg: Permission denied
rm: /Users/mremond/.no-mistakes/worktrees/acf4a767348a/01M4AX10ZC7N8D2XBFQHB3V6A5/.test-6202/relaunch-tmp/fm-control-relaunch.NHgaJt/prefixcontrol-49/home/state/rl32.git-hooks/post-checkout: Permission denied
rm: /Users/mremond/.no-mistakes/worktrees/acf4a767348a/01M4AX10ZC7N8D2XBFQHB3V6A5/.test-6202/relaunch-tmp/fm-control-relaunch.NHgaJt/prefixcontrol-49/home/state/rl32.git-hooks/post-applypatch: Permission denied
rm: /Users/mremond/.no-mistakes/worktrees/acf4a767348a/01M4AX10ZC7N8D2XBFQHB3V6A5/.test-6202/relaunch-tmp/fm-control-relaunch.NHgaJt/prefixcontrol-49/home/state/rl32.git-hooks/post-rewrite: Permission denied
rm: /Users/mremond/.no-mistakes/worktrees/acf4a767348a/01M4AX10ZC7N8D2XBFQHB3V6A5/.test-6202/relaunch-tmp/fm-control-relaunch.NHgaJt/prefixcontrol-49/home/state/rl32.git-hooks/commit-msg: Permission denied
rm: /Users/mremond/.no-mistakes/worktrees/acf4a767348a/01M4AX10ZC7N8D2XBFQHB3V6A5/.test-6202/relaunch-tmp/fm-control-relaunch.NHgaJt/prefixcontrol-49/home/state/rl32.git-hooks/pre-push: Permission denied
rm: /Users/mremond/.no-mistakes/worktrees/acf4a767348a/01M4AX10ZC7N8D2XBFQHB3V6A5/.test-6202/relaunch-tmp/fm-control-relaunch.NHgaJt/prefixcontrol-49/home/state/rl32.git-hooks/post-merge: Permission denied
rm: /Users/mremond/.no-mistakes/worktrees/acf4a767348a/01M4AX10ZC7N8D2XBFQHB3V6A5/.test-6202/relaunch-tmp/fm-control-relaunch.NHgaJt/prefixcontrol-49/home/state/rl32.git-hooks/pre-commit: Permission denied
rm: /Users/mremond/.no-mistakes/worktrees/acf4a767348a/01M4AX10ZC7N8D2XBFQHB3V6A5/.test-6202/relaunch-tmp/fm-control-relaunch.NHgaJt/prefixcontrol-49/home/state/rl32.git-hooks: Directory not empty
rm: /Users/mremond/.no-mistakes/worktrees/acf4a767348a/01M4AX10ZC7N8D2XBFQHB3V6A5/.test-6202/relaunch-tmp/fm-control-relaunch.NHgaJt/prefixcontrol-49/home/state: Directory not empty
rm: /Users/mremond/.no-mistakes/worktrees/acf4a767348a/01M4AX10ZC7N8D2XBFQHB3V6A5/.test-6202/relaunch-tmp/fm-control-relaunch.NHgaJt/prefixcontrol-49/home: Directory not empty
rm: /Users/mremond/.no-mistakes/worktrees/acf4a767348a/01M4AX10ZC7N8D2XBFQHB3V6A5/.test-6202/relaunch-tmp/fm-control-relaunch.NHgaJt/prefixcontrol-49: Directory not empty
rm: /Users/mremond/.no-mistakes/worktrees/acf4a767348a/01M4AX10ZC7N8D2XBFQHB3V6A5/.test-6202/relaunch-tmp/fm-control-relaunch.NHgaJt/note-29524/home/state/rl2.git-hooks/pre-rebase: Permission denied
rm: /Users/mremond/.no-mistakes/worktrees/acf4a767348a/01M4AX10ZC7N8D2XBFQHB3V6A5/.test-6202/relaunch-tmp/fm-control-relaunch.NHgaJt/note-29524/home/state/rl2.git-hooks/pre-applypatch: Permission denied
rm: /Users/mremond/.no-mistakes/worktrees/acf4a767348a/01M4AX10ZC7N8D2XBFQHB3V6A5/.test-6202/relaunch-tmp/fm-control-relaunch.NHgaJt/note-29524/home/state/rl2.git-hooks/pre-auto-gc: Permission denied
rm: /Users/mremond/.no-mistakes/worktrees/acf4a767348a/01M4AX10ZC7N8D2XBFQHB3V6A5/.test-6202/relaunch-tmp/fm-control-relaunch.NHgaJt/note-29524/home/state/rl2.git-hooks/pre-merge-commit: Permission denied
rm: /Users/mremond/.no-mistakes/worktrees/acf4a767348a/01M4AX10ZC7N8D2XBFQHB3V6A5/.test-6202/relaunch-tmp/fm-control-relaunch.NHgaJt/note-29524/home/state/rl2.git-hooks/post-commit: Permission denied
rm: /Users/mremond/.no-mistakes/worktrees/acf4a767348a/01M4AX10ZC7N8D2XBFQHB3V6A5/.test-6202/relaunch-tmp/fm-control-relaunch.NHgaJt/note-29524/home/state/rl2.git-hooks/sendemail-validate: Permission denied
rm: /Users/mremond/.no-mistakes/worktrees/acf4a767348a/01M4AX10ZC7N8D2XBFQHB3V6A5/.test-6202/relaunch-tmp/fm-control-relaunch.NHgaJt/note-29524/home/state/rl2.git-hooks/applypatch-msg: Permission denied
rm: /Users/mremond/.no-mistakes/worktrees/acf4a767348a/01M4AX10ZC7N8D2XBFQHB3V6A5/.test-6202/relaunch-tmp/fm-control-relaunch.NHgaJt/note-29524/home/state/rl2.git-hooks/prepare-commit-msg: Permission denied
rm: /Users/mremond/.no-mistakes/worktrees/acf4a767348a/01M4AX10ZC7N8D2XBFQHB3V6A5/.test-6202/relaunch-tmp/fm-control-relaunch.NHgaJt/note-29524/home/state/rl2.git-hooks/post-checkout: Permission denied
rm: /Users/mremond/.no-mistakes/worktrees/acf4a767348a/01M4AX10ZC7N8D2XBFQHB3V6A5/.test-6202/relaunch-tmp/fm-control-relaunch.NHgaJt/note-29524/home/state/rl2.git-hooks/post-applypatch: Permission denied
rm: /Users/mremond/.no-mistakes/worktrees/acf4a767348a/01M4AX10ZC7N8D2XBFQHB3V6A5/.test-6202/relaunch-tmp/fm-control-relaunch.NHgaJt/note-29524/home/state/rl2.git-hooks/post-rewrite: Permission denied
rm: /Users/mremond/.no-mistakes/worktrees/acf4a767348a/01M4AX10ZC7N8D2XBFQHB3V6A5/.test-6202/relaunch-tmp/fm-control-relaunch.NHgaJt/note-29524/home/state/rl2.git-hooks/commit-msg: Permission denied
rm: /Users/mremond/.no-mistakes/worktrees/acf4a767348a/01M4AX10ZC7N8D2XBFQHB3V6A5/.test-6202/relaunch-tmp/fm-control-relaunch.NHgaJt/note-29524/home/state/rl2.git-hooks/pre-push: Permission denied
rm: /Users/mremond/.no-mistakes/worktrees/acf4a767348a/01M4AX10ZC7N8D2XBFQHB3V6A5/.test-6202/relaunch-tmp/fm-control-relaunch.NHgaJt/note-29524/home/state/rl2.git-hooks/post-merge: Permission denied
rm: /Users/mremond/.no-mistakes/worktrees/acf4a767348a/01M4AX10ZC7N8D2XBFQHB3V6A5/.test-6202/relaunch-tmp/fm-control-relaunch.NHgaJt/note-29524/home/state/rl2.git-hooks/pre-commit: Permission denied
rm: /Users/mremond/.no-mistakes/worktrees/acf4a767348a/01M4AX10ZC7N8D2XBFQHB3V6A5/.test-6202/relaunch-tmp/fm-control-relaunch.NHgaJt/note-29524/home/state/rl2.git-hooks: Directory not empty
rm: /Users/mremond/.no-mistakes/worktrees/acf4a767348a/01M4AX10ZC7N8D2XBFQHB3V6A5/.test-6202/relaunch-tmp/fm-control-relaunch.NHgaJt/note-29524/home/state: Directory not empty
rm: /Users/mremond/.no-mistakes/worktrees/acf4a767348a/01M4AX10ZC7N8D2XBFQHB3V6A5/.test-6202/relaunch-tmp/fm-control-relaunch.NHgaJt/note-29524/home: Directory not empty
rm: /Users/mremond/.no-mistakes/worktrees/acf4a767348a/01M4AX10ZC7N8D2XBFQHB3V6A5/.test-6202/relaunch-tmp/fm-control-relaunch.NHgaJt/note-29524: Directory not empty
rm: /Users/mremond/.no-mistakes/worktrees/acf4a767348a/01M4AX10ZC7N8D2XBFQHB3V6A5/.test-6202/relaunch-tmp/fm-control-relaunch.NHgaJt/gone-herdr-31646/home/state/rl68.git-hooks/pre-rebase: Permission denied
rm: /Users/mremond/.no-mistakes/worktrees/acf4a767348a/01M4AX10ZC7N8D2XBFQHB3V6A5/.test-6202/relaunch-tmp/fm-control-relaunch.NHgaJt/gone-herdr-31646/home/state/rl68.git-hooks/pre-applypatch: Permission denied
rm: /Users/mremond/.no-mistakes/worktrees/acf4a767348a/01M4AX10ZC7N8D2XBFQHB3V6A5/.test-6202/relaunch-tmp/fm-control-relaunch.NHgaJt/gone-herdr-31646/home/state/rl68.git-hooks/pre-auto-gc: Permission denied
rm: /Users/mremond/.no-mistakes/worktrees/acf4a767348a/01M4AX10ZC7N8D2XBFQHB3V6A5/.test-6202/relaunch-tmp/fm-control-relaunch.NHgaJt/gone-herdr-31646/home/state/rl68.git-hooks/pre-merge-commit: Permission denied
rm: /Users/mremond/.no-mistakes/worktrees/acf4a767348a/01M4AX10ZC7N8D2XBFQHB3V6A5/.test-6202/relaunch-tmp/fm-control-relaunch.NHgaJt/gone-herdr-31646/home/state/rl68.git-hooks/post-commit: Permission denied
rm: /Users/mremond/.no-mistakes/worktrees/acf4a767348a/01M4AX10ZC7N8D2XBFQHB3V6A5/.test-6202/relaunch-tmp/fm-control-relaunch.NHgaJt/gone-herdr-31646/home/state/rl68.git-hooks/sendemail-validate: Permission denied
rm: /Users/mremond/.no-mistakes/worktrees/acf4a767348a/01M4AX10ZC7N8D2XBFQHB3V6A5/.test-6202/relaunch-tmp/fm-control-relaunch.NHgaJt/gone-herdr-31646/home/state/rl68.git-hooks/applypatch-msg: Permission denied
rm: /Users/mremond/.no-mistakes/worktrees/acf4a767348a/01M4AX10ZC7N8D2XBFQHB3V6A5/.test-6202/relaunch-tmp/fm-control-relaunch.NHgaJt/gone-herdr-31646/home/state/rl68.git-hooks/prepare-commit-msg: Permission denied
rm: /Users/mremond/.no-mistakes/worktrees/acf4a767348a/01M4AX10ZC7N8D2XBFQHB3V6A5/.test-6202/relaunch-tmp/fm-control-relaunch.NHgaJt/gone-herdr-31646/home/state/rl68.git-hooks/post-checkout: Permission denied
rm: /Users/mremond/.no-mistakes/worktrees/acf4a767348a/01M4AX10ZC7N8D2XBFQHB3V6A5/.test-6202/relaunch-tmp/fm-control-relaunch.NHgaJt/gone-herdr-31646/home/state/rl68.git-hooks/post-applypatch: Permission denied
rm: /Users/mremond/.no-mistakes/worktrees/acf4a767348a/01M4AX10ZC7N8D2XBFQHB3V6A5/.test-6202/relaunch-tmp/fm-control-relaunch.NHgaJt/gone-herdr-31646/home/state/rl68.git-hooks/post-rewrite: Permission denied
rm: /Users/mremond/.no-mistakes/worktrees/acf4a767348a/01M4AX10ZC7N8D2XBFQHB3V6A5/.test-6202/relaunch-tmp/fm-control-relaunch.NHgaJt/gone-herdr-31646/home/state/rl68.git-hooks/commit-msg: Permission denied
rm: /Users/mremond/.no-mistakes/worktrees/acf4a767348a/01M4AX10ZC7N8D2XBFQHB3V6A5/.test-6202/relaunch-tmp/fm-control-relaunch.NHgaJt/gone-herdr-31646/home/state/rl68.git-hooks/pre-push: Permission denied
rm: /Users/mremond/.no-mistakes/worktrees/acf4a767348a/01M4AX10ZC7N8D2XBFQHB3V6A5/.test-6202/relaunch-tmp/fm-control-relaunch.NHgaJt/gone-herdr-31646/home/state/rl68.git-hooks/post-merge: Permission denied
rm: /Users/mremond/.no-mistakes/worktrees/acf4a767348a/01M4AX10ZC7N8D2XBFQHB3V6A5/.test-6202/relaunch-tmp/fm-control-relaunch.NHgaJt/gone-herdr-31646/home/state/rl68.git-hooks/pre-commit: Permission denied
rm: /Users/mremond/.no-mistakes/worktrees/acf4a767348a/01M4AX10ZC7N8D2XBFQHB3V6A5/.test-6202/relaunch-tmp/fm-control-relaunch.NHgaJt/gone-herdr-31646/home/state/rl68.git-hooks: Directory not empty
rm: /Users/mremond/.no-mistakes/worktrees/acf4a767348a/01M4AX10ZC7N8D2XBFQHB3V6A5/.test-6202/relaunch-tmp/fm-control-relaunch.NHgaJt/gone-herdr-31646/home/state: Directory not empty
rm: /Users/mremond/.no-mistakes/worktrees/acf4a767348a/01M4AX10ZC7N8D2XBFQHB3V6A5/.test-6202/relaunch-tmp/fm-control-relaunch.NHgaJt/gone-herdr-31646/home: Directory not empty
rm: /Users/mremond/.no-mistakes/worktrees/acf4a767348a/01M4AX10ZC7N8D2XBFQHB3V6A5/.test-6202/relaunch-tmp/fm-control-relaunch.NHgaJt/gone-herdr-31646: Directory not empty
rm: /Users/mremond/.no-mistakes/worktrees/acf4a767348a/01M4AX10ZC7N8D2XBFQHB3V6A5/.test-6202/relaunch-tmp/fm-control-relaunch.NHgaJt/musewiring-11691/home/state/rl31.git-hooks/pre-rebase: Permission denied
rm: /Users/mremond/.no-mistakes/worktrees/acf4a767348a/01M4AX10ZC7N8D2XBFQHB3V6A5/.test-6202/relaunch-tmp/fm-control-relaunch.NHgaJt/musewiring-11691/home/state/rl31.git-hooks/pre-applypatch: Permission denied
rm: /Users/mremond/.no-mistakes/worktrees/acf4a767348a/01M4AX10ZC7N8D2XBFQHB3V6A5/.test-6202/relaunch-tmp/fm-control-relaunch.NHgaJt/musewiring-11691/home/state/rl31.git-hooks/pre-auto-gc: Permission denied
rm: /Users/mremond/.no-mistakes/worktrees/acf4a767348a/01M4AX10ZC7N8D2XBFQHB3V6A5/.test-6202/relaunch-tmp/fm-control-relaunch.NHgaJt/musewiring-11691/home/state/rl31.git-hooks/pre-merge-commit: Permission denied
rm: /Users/mremond/.no-mistakes/worktrees/acf4a767348a/01M4AX10ZC7N8D2XBFQHB3V6A5/.test-6202/relaunch-tmp/fm-control-relaunch.NHgaJt/musewiring-11691/home/state/rl31.git-hooks/post-commit: Permission denied
rm: /Users/mremond/.no-mistakes/worktrees/acf4a767348a/01M4AX10ZC7N8D2XBFQHB3V6A5/.test-6202/relaunch-tmp/fm-control-relaunch.NHgaJt/musewiring-11691/home/state/rl31.git-hooks/sendemail-validate: Permission denied
rm: /Users/mremond/.no-mistakes/worktrees/acf4a767348a/01M4AX10ZC7N8D2XBFQHB3V6A5/.test-6202/relaunch-tmp/fm-control-relaunch.NHgaJt/musewiring-11691/home/state/rl31.git-hooks/applypatch-msg: Permission denied
rm: /Users/mremond/.no-mistakes/worktrees/acf4a767348a/01M4AX10ZC7N8D2XBFQHB3V6A5/.test-6202/relaunch-tmp/fm-control-relaunch.NHgaJt/musewiring-11691/home/state/rl31.git-hooks/prepare-commit-msg: Permission denied
rm: /Users/mremond/.no-mistakes/worktrees/acf4a767348a/01M4AX10ZC7N8D2XBFQHB3V6A5/.test-6202/relaunch-tmp/fm-control-relaunch.NHgaJt/musewiring-11691/home/state/rl31.git-hooks/post-checkout: Permission denied
rm: /Users/mremond/.no-mistakes/worktrees/acf4a767348a/01M4AX10ZC7N8D2XBFQHB3V6A5/.test-6202/relaunch-tmp/fm-control-relaunch.NHgaJt/musewiring-11691/home/state/rl31.git-hooks/post-applypatch: Permission denied
rm: /Users/mremond/.no-mistakes/worktrees/acf4a767348a/01M4AX10ZC7N8D2XBFQHB3V6A5/.test-6202/relaunch-tmp/fm-control-relaunch.NHgaJt/musewiring-11691/home/state/rl31.git-hooks/post-rewrite: Permission denied
rm: /Users/mremond/.no-mistakes/worktrees/acf4a767348a/01M4AX10ZC7N8D2XBFQHB3V6A5/.test-6202/relaunch-tmp/fm-control-relaunch.NHgaJt/musewiring-11691/home/state/rl31.git-hooks/commit-msg: Permission denied
rm: /Users/mremond/.no-mistakes/worktrees/acf4a767348a/01M4AX10ZC7N8D2XBFQHB3V6A5/.test-6202/relaunch-tmp/fm-control-relaunch.NHgaJt/musewiring-11691/home/state/rl31.git-hooks/pre-push: Permission denied
rm: /Users/mremond/.no-mistakes/worktrees/acf4a767348a/01M4AX10ZC7N8D2XBFQHB3V6A5/.test-6202/relaunch-tmp/fm-control-relaunch.NHgaJt/musewiring-11691/home/state/rl31.git-hooks/post-merge: Permission denied
rm: /Users/mremond/.no-mistakes/worktrees/acf4a767348a/01M4AX10ZC7N8D2XBFQHB3V6A5/.test-6202/relaunch-tmp/fm-control-relaunch.NHgaJt/musewiring-11691/home/state/rl31.git-hooks/pre-commit: Permission denied
rm: /Users/mremond/.no-mistakes/worktrees/acf4a767348a/01M4AX10ZC7N8D2XBFQHB3V6A5/.test-6202/relaunch-tmp/fm-control-relaunch.NHgaJt/musewiring-11691/home/state/rl31.git-hooks: Directory not empty
rm: /Users/mremond/.no-mistakes/worktrees/acf4a767348a/01M4AX10ZC7N8D2XBFQHB3V6A5/.test-6202/relaunch-tmp/fm-control-relaunch.NHgaJt/musewiring-11691/home/state: Directory not empty
rm: /Users/mremond/.no-mistakes/worktrees/acf4a767348a/01M4AX10ZC7N8D2XBFQHB3V6A5/.test-6202/relaunch-tmp/fm-control-relaunch.NHgaJt/musewiring-11691/home: Directory not empty
rm: /Users/mremond/.no-mistakes/worktrees/acf4a767348a/01M4AX10ZC7N8D2XBFQHB3V6A5/.test-6202/relaunch-tmp/fm-control-relaunch.NHgaJt/musewiring-11691: Directory not empty
rm: /Users/mremond/.no-mistakes/worktrees/acf4a767348a/01M4AX10ZC7N8D2XBFQHB3V6A5/.test-6202/relaunch-tmp/fm-control-relaunch.NHgaJt/native-ultra-29332/home/state/rl-ultra.git-hooks/pre-rebase: Permission denied
rm: /Users/mremond/.no-mistakes/worktrees/acf4a767348a/01M4AX10ZC7N8D2XBFQHB3V6A5/.test-6202/relaunch-tmp/fm-control-relaunch.NHgaJt/native-ultra-29332/home/state/rl-ultra.git-hooks/pre-applypatch: Permission denied
rm: /Users/mremond/.no-mistakes/worktrees/acf4a767348a/01M4AX10ZC7N8D2XBFQHB3V6A5/.test-6202/relaunch-tmp/fm-control-relaunch.NHgaJt/native-ultra-29332/home/state/rl-ultra.git-hooks/pre-auto-gc: Permission denied
rm: /Users/mremond/.no-mistakes/worktrees/acf4a767348a/01M4AX10ZC7N8D2XBFQHB3V6A5/.test-6202/relaunch-tmp/fm-control-relaunch.NHgaJt/native-ultra-29332/home/state/rl-ultra.git-hooks/pre-merge-commit: Permission denied
rm: /Users/mremond/.no-mistakes/worktrees/acf4a767348a/01M4AX10ZC7N8D2XBFQHB3V6A5/.test-6202/relaunch-tmp/fm-control-relaunch.NHgaJt/native-ultra-29332/home/state/rl-ultra.git-hooks/post-commit: Permission denied
rm: /Users/mremond/.no-mistakes/worktrees/acf4a767348a/01M4AX10ZC7N8D2XBFQHB3V6A5/.test-6202/relaunch-tmp/fm-control-relaunch.NHgaJt/native-ultra-29332/home/state/rl-ultra.git-hooks/sendemail-validate: Permission denied
rm: /Users/mremond/.no-mistakes/worktrees/acf4a767348a/01M4AX10ZC7N8D2XBFQHB3V6A5/.test-6202/relaunch-tmp/fm-control-relaunch.NHgaJt/native-ultra-29332/home/state/rl-ultra.git-hooks/applypatch-msg: Permission denied
rm: /Users/mremond/.no-mistakes/worktrees/acf4a767348a/01M4AX10ZC7N8D2XBFQHB3V6A5/.test-6202/relaunch-tmp/fm-control-relaunch.NHgaJt/native-ultra-29332/home/state/rl-ultra.git-hooks/prepare-commit-msg: Permission denied
rm: /Users/mremond/.no-mistakes/worktrees/acf4a767348a/01M4AX10ZC7N8D2XBFQHB3V6A5/.test-6202/relaunch-tmp/fm-control-relaunch.NHgaJt/native-ultra-29332/home/state/rl-ultra.git-hooks/post-checkout: Permission denied
rm: /Users/mremond/.no-mistakes/worktrees/acf4a767348a/01M4AX10ZC7N8D2XBFQHB3V6A5/.test-6202/relaunch-tmp/fm-control-relaunch.NHgaJt/native-ultra-29332/home/state/rl-ultra.git-hooks/post-applypatch: Permission denied
rm: /Users/mremond/.no-mistakes/worktrees/acf4a767348a/01M4AX10ZC7N8D2XBFQHB3V6A5/.test-6202/relaunch-tmp/fm-control-relaunch.NHgaJt/native-ultra-29332/home/state/rl-ultra.git-hooks/post-rewrite: Permission denied
rm: /Users/mremond/.no-mistakes/worktrees/acf4a767348a/01M4AX10ZC7N8D2XBFQHB3V6A5/.test-6202/relaunch-tmp/fm-control-relaunch.NHgaJt/native-ultra-29332/home/state/rl-ultra.git-hooks/commit-msg: Permission denied
rm: /Users/mremond/.no-mistakes/worktrees/acf4a767348a/01M4AX10ZC7N8D2XBFQHB3V6A5/.test-6202/relaunch-tmp/fm-control-relaunch.NHgaJt/native-ultra-29332/home/state/rl-ultra.git-hooks/pre-push: Permission denied
rm: /Users/mremond/.no-mistakes/worktrees/acf4a767348a/01M4AX10ZC7N8D2XBFQHB3V6A5/.test-6202/relaunch-tmp/fm-control-relaunch.NHgaJt/native-ultra-29332/home/state/rl-ultra.git-hooks/post-merge: Permission denied
rm: /Users/mremond/.no-mistakes/worktrees/acf4a767348a/01M4AX10ZC7N8D2XBFQHB3V6A5/.test-6202/relaunch-tmp/fm-control-relaunch.NHgaJt/native-ultra-29332/home/state/rl-ultra.git-hooks/pre-commit: Permission denied
rm: /Users/mremond/.no-mistakes/worktrees/acf4a767348a/01M4AX10ZC7N8D2XBFQHB3V6A5/.test-6202/relaunch-tmp/fm-control-relaunch.NHgaJt/native-ultra-29332/home/state/rl-ultra.git-hooks: Directory not empty
rm: /Users/mremond/.no-mistakes/worktrees/acf4a767348a/01M4AX10ZC7N8D2XBFQHB3V6A5/.test-6202/relaunch-tmp/fm-control-relaunch.NHgaJt/native-ultra-29332/home/state: Directory not empty
rm: /Users/mremond/.no-mistakes/worktrees/acf4a767348a/01M4AX10ZC7N8D2XBFQHB3V6A5/.test-6202/relaunch-tmp/fm-control-relaunch.NHgaJt/native-ultra-29332/home: Directory not empty
rm: /Users/mremond/.no-mistakes/worktrees/acf4a767348a/01M4AX10ZC7N8D2XBFQHB3V6A5/.test-6202/relaunch-tmp/fm-control-relaunch.NHgaJt/native-ultra-29332: Directory not empty
rm: /Users/mremond/.no-mistakes/worktrees/acf4a767348a/01M4AX10ZC7N8D2XBFQHB3V6A5/.test-6202/relaunch-tmp/fm-control-relaunch.NHgaJt/gone-herdr-pin-4827/home/state/rl73.git-hooks/pre-rebase: Permission denied
rm: /Users/mremond/.no-mistakes/worktrees/acf4a767348a/01M4AX10ZC7N8D2XBFQHB3V6A5/.test-6202/relaunch-tmp/fm-control-relaunch.NHgaJt/gone-herdr-pin-4827/home/state/rl73.git-hooks/pre-applypatch: Permission denied
rm: /Users/mremond/.no-mistakes/worktrees/acf4a767348a/01M4AX10ZC7N8D2XBFQHB3V6A5/.test-6202/relaunch-tmp/fm-control-relaunch.NHgaJt/gone-herdr-pin-4827/home/state/rl73.git-hooks/pre-auto-gc: Permission denied
rm: /Users/mremond/.no-mistakes/worktrees/acf4a767348a/01M4AX10ZC7N8D2XBFQHB3V6A5/.test-6202/relaunch-tmp/fm-control-relaunch.NHgaJt/gone-herdr-pin-4827/home/state/rl73.git-hooks/pre-merge-commit: Permission denied
rm: /Users/mremond/.no-mistakes/worktrees/acf4a767348a/01M4AX10ZC7N8D2XBFQHB3V6A5/.test-6202/relaunch-tmp/fm-control-relaunch.NHgaJt/gone-herdr-pin-4827/home/state/rl73.git-hooks/post-commit: Permission denied
rm: /Users/mremond/.no-mistakes/worktrees/acf4a767348a/01M4AX10ZC7N8D2XBFQHB3V6A5/.test-6202/relaunch-tmp/fm-control-relaunch.NHgaJt/gone-herdr-pin-4827/home/state/rl73.git-hooks/sendemail-validate: Permission denied
rm: /Users/mremond/.no-mistakes/worktrees/acf4a767348a/01M4AX10ZC7N8D2XBFQHB3V6A5/.test-6202/relaunch-tmp/fm-control-relaunch.NHgaJt/gone-herdr-pin-4827/home/state/rl73.git-hooks/applypatch-msg: Permission denied
rm: /Users/mremond/.no-mistakes/worktrees/acf4a767348a/01M4AX10ZC7N8D2XBFQHB3V6A5/.test-6202/relaunch-tmp/fm-control-relaunch.NHgaJt/gone-herdr-pin-4827/home/state/rl73.git-hooks/prepare-commit-msg: Permission denied
rm: /Users/mremond/.no-mistakes/worktrees/acf4a767348a/01M4AX10ZC7N8D2XBFQHB3V6A5/.test-6202/relaunch-tmp/fm-control-relaunch.NHgaJt/gone-herdr-pin-4827/home/state/rl73.git-hooks/post-checkout: Permission denied
rm: /Users/mremond/.no-mistakes/worktrees/acf4a767348a/01M4AX10ZC7N8D2XBFQHB3V6A5/.test-6202/relaunch-tmp/fm-control-relaunch.NHgaJt/gone-herdr-pin-4827/home/state/rl73.git-hooks/post-applypatch: Permission denied
rm: /Users/mremond/.no-mistakes/worktrees/acf4a767348a/01M4AX10ZC7N8D2XBFQHB3V6A5/.test-6202/relaunch-tmp/fm-control-relaunch.NHgaJt/gone-herdr-pin-4827/home/state/rl73.git-hooks/post-rewrite: Permission denied
rm: /Users/mremond/.no-mistakes/worktrees/acf4a767348a/01M4AX10ZC7N8D2XBFQHB3V6A5/.test-6202/relaunch-tmp/fm-control-relaunch.NHgaJt/gone-herdr-pin-4827/home/state/rl73.git-hooks/commit-msg: Permission denied
rm: /Users/mremond/.no-mistakes/worktrees/acf4a767348a/01M4AX10ZC7N8D2XBFQHB3V6A5/.test-6202/relaunch-tmp/fm-control-relaunch.NHgaJt/gone-herdr-pin-4827/home/state/rl73.git-hooks/pre-push: Permission denied
rm: /Users/mremond/.no-mistakes/worktrees/acf4a767348a/01M4AX10ZC7N8D2XBFQHB3V6A5/.test-6202/relaunch-tmp/fm-control-relaunch.NHgaJt/gone-herdr-pin-4827/home/state/rl73.git-hooks/post-merge: Permission denied
rm: /Users/mremond/.no-mistakes/worktrees/acf4a767348a/01M4AX10ZC7N8D2XBFQHB3V6A5/.test-6202/relaunch-tmp/fm-control-relaunch.NHgaJt/gone-herdr-pin-4827/home/state/rl73.git-hooks/pre-commit: Permission denied
rm: /Users/mremond/.no-mistakes/worktrees/acf4a767348a/01M4AX10ZC7N8D2XBFQHB3V6A5/.test-6202/relaunch-tmp/fm-control-relaunch.NHgaJt/gone-herdr-pin-4827/home/state/rl73.git-hooks: Directory not empty
rm: /Users/mremond/.no-mistakes/worktrees/acf4a767348a/01M4AX10ZC7N8D2XBFQHB3V6A5/.test-6202/relaunch-tmp/fm-control-relaunch.NHgaJt/gone-herdr-pin-4827/home/state: Directory not empty
rm: /Users/mremond/.no-mistakes/worktrees/acf4a767348a/01M4AX10ZC7N8D2XBFQHB3V6A5/.test-6202/relaunch-tmp/fm-control-relaunch.NHgaJt/gone-herdr-pin-4827/home: Directory not empty
rm: /Users/mremond/.no-mistakes/worktrees/acf4a767348a/01M4AX10ZC7N8D2XBFQHB3V6A5/.test-6202/relaunch-tmp/fm-control-relaunch.NHgaJt/gone-herdr-pin-4827: Directory not empty
rm: /Users/mremond/.no-mistakes/worktrees/acf4a767348a/01M4AX10ZC7N8D2XBFQHB3V6A5/.test-6202/relaunch-tmp/fm-control-relaunch.NHgaJt/profile-3283/home/state/rl5.git-hooks/pre-rebase: Permission denied
rm: /Users/mremond/.no-mistakes/worktrees/acf4a767348a/01M4AX10ZC7N8D2XBFQHB3V6A5/.test-6202/relaunch-tmp/fm-control-relaunch.NHgaJt/profile-3283/home/state/rl5.git-hooks/pre-applypatch: Permission denied
rm: /Users/mremond/.no-mistakes/worktrees/acf4a767348a/01M4AX10ZC7N8D2XBFQHB3V6A5/.test-6202/relaunch-tmp/fm-control-relaunch.NHgaJt/profile-3283/home/state/rl5.git-hooks/pre-auto-gc: Permission denied
rm: /Users/mremond/.no-mistakes/worktrees/acf4a767348a/01M4AX10ZC7N8D2XBFQHB3V6A5/.test-6202/relaunch-tmp/fm-control-relaunch.NHgaJt/profile-3283/home/state/rl5.git-hooks/pre-merge-commit: Permission denied
rm: /Users/mremond/.no-mistakes/worktrees/acf4a767348a/01M4AX10ZC7N8D2XBFQHB3V6A5/.test-6202/relaunch-tmp/fm-control-relaunch.NHgaJt/profile-3283/home/state/rl5.git-hooks/post-commit: Permission denied
rm: /Users/mremond/.no-mistakes/worktrees/acf4a767348a/01M4AX10ZC7N8D2XBFQHB3V6A5/.test-6202/relaunch-tmp/fm-control-relaunch.NHgaJt/profile-3283/home/state/rl5.git-hooks/sendemail-validate: Permission denied
rm: /Users/mremond/.no-mistakes/worktrees/acf4a767348a/01M4AX10ZC7N8D2XBFQHB3V6A5/.test-6202/relaunch-tmp/fm-control-relaunch.NHgaJt/profile-3283/home/state/rl5.git-hooks/applypatch-msg: Permission denied
rm: /Users/mremond/.no-mistakes/worktrees/acf4a767348a/01M4AX10ZC7N8D2XBFQHB3V6A5/.test-6202/relaunch-tmp/fm-control-relaunch.NHgaJt/profile-3283/home/state/rl5.git-hooks/prepare-commit-msg: Permission denied
rm: /Users/mremond/.no-mistakes/worktrees/acf4a767348a/01M4AX10ZC7N8D2XBFQHB3V6A5/.test-6202/relaunch-tmp/fm-control-relaunch.NHgaJt/profile-3283/home/state/rl5.git-hooks/post-checkout: Permission denied
rm: /Users/mremond/.no-mistakes/worktrees/acf4a767348a/01M4AX10ZC7N8D2XBFQHB3V6A5/.test-6202/relaunch-tmp/fm-control-relaunch.NHgaJt/profile-3283/home/state/rl5.git-hooks/post-applypatch: Permission denied
rm: /Users/mremond/.no-mistakes/worktrees/acf4a767348a/01M4AX10ZC7N8D2XBFQHB3V6A5/.test-6202/relaunch-tmp/fm-control-relaunch.NHgaJt/profile-3283/home/state/rl5.git-hooks/post-rewrite: Permission denied
rm: /Users/mremond/.no-mistakes/worktrees/acf4a767348a/01M4AX10ZC7N8D2XBFQHB3V6A5/.test-6202/relaunch-tmp/fm-control-relaunch.NHgaJt/profile-3283/home/state/rl5.git-hooks/commit-msg: Permission denied
rm: /Users/mremond/.no-mistakes/worktrees/acf4a767348a/01M4AX10ZC7N8D2XBFQHB3V6A5/.test-6202/relaunch-tmp/fm-control-relaunch.NHgaJt/profile-3283/home/state/rl5.git-hooks/pre-push: Permission denied
rm: /Users/mremond/.no-mistakes/worktrees/acf4a767348a/01M4AX10ZC7N8D2XBFQHB3V6A5/.test-6202/relaunch-tmp/fm-control-relaunch.NHgaJt/profile-3283/home/state/rl5.git-hooks/post-merge: Permission denied
rm: /Users/mremond/.no-mistakes/worktrees/acf4a767348a/01M4AX10ZC7N8D2XBFQHB3V6A5/.test-6202/relaunch-tmp/fm-control-relaunch.NHgaJt/profile-3283/home/state/rl5.git-hooks/pre-commit: Permission denied
rm: /Users/mremond/.no-mistakes/worktrees/acf4a767348a/01M4AX10ZC7N8D2XBFQHB3V6A5/.test-6202/relaunch-tmp/fm-control-relaunch.NHgaJt/profile-3283/home/state/rl5.git-hooks: Directory not empty
rm: /Users/mremond/.no-mistakes/worktrees/acf4a767348a/01M4AX10ZC7N8D2XBFQHB3V6A5/.test-6202/relaunch-tmp/fm-control-relaunch.NHgaJt/profile-3283/home/state: Directory not empty
rm: /Users/mremond/.no-mistakes/worktrees/acf4a767348a/01M4AX10ZC7N8D2XBFQHB3V6A5/.test-6202/relaunch-tmp/fm-control-relaunch.NHgaJt/profile-3283/home: Directory not empty
rm: /Users/mremond/.no-mistakes/worktrees/acf4a767348a/01M4AX10ZC7N8D2XBFQHB3V6A5/.test-6202/relaunch-tmp/fm-control-relaunch.NHgaJt/profile-3283: Directory not empty
rm: /Users/mremond/.no-mistakes/worktrees/acf4a767348a/01M4AX10ZC7N8D2XBFQHB3V6A5/.test-6202/relaunch-tmp/fm-control-relaunch.NHgaJt/switch-10269/home/state/rl4.git-hooks/pre-rebase: Permission denied
rm: /Users/mremond/.no-mistakes/worktrees/acf4a767348a/01M4AX10ZC7N8D2XBFQHB3V6A5/.test-6202/relaunch-tmp/fm-control-relaunch.NHgaJt/switch-10269/home/state/rl4.git-hooks/pre-applypatch: Permission denied
rm: /Users/mremond/.no-mistakes/worktrees/acf4a767348a/01M4AX10ZC7N8D2XBFQHB3V6A5/.test-6202/relaunch-tmp/fm-control-relaunch.NHgaJt/switch-10269/home/state/rl4.git-hooks/pre-auto-gc: Permission denied
rm: /Users/mremond/.no-mistakes/worktrees/acf4a767348a/01M4AX10ZC7N8D2XBFQHB3V6A5/.test-6202/relaunch-tmp/fm-control-relaunch.NHgaJt/switch-10269/home/state/rl4.git-hooks/pre-merge-commit: Permission denied
rm: /Users/mremond/.no-mistakes/worktrees/acf4a767348a/01M4AX10ZC7N8D2XBFQHB3V6A5/.test-6202/relaunch-tmp/fm-control-relaunch.NHgaJt/switch-10269/home/state/rl4.git-hooks/post-commit: Permission denied
rm: /Users/mremond/.no-mistakes/worktrees/acf4a767348a/01M4AX10ZC7N8D2XBFQHB3V6A5/.test-6202/relaunch-tmp/fm-control-relaunch.NHgaJt/switch-10269/home/state/rl4.git-hooks/sendemail-validate: Permission denied
rm: /Users/mremond/.no-mistakes/worktrees/acf4a767348a/01M4AX10ZC7N8D2XBFQHB3V6A5/.test-6202/relaunch-tmp/fm-control-relaunch.NHgaJt/switch-10269/home/state/rl4.git-hooks/applypatch-msg: Permission denied
rm: /Users/mremond/.no-mistakes/worktrees/acf4a767348a/01M4AX10ZC7N8D2XBFQHB3V6A5/.test-6202/relaunch-tmp/fm-control-relaunch.NHgaJt/switch-10269/home/state/rl4.git-hooks/prepare-commit-msg: Permission denied
rm: /Users/mremond/.no-mistakes/worktrees/acf4a767348a/01M4AX10ZC7N8D2XBFQHB3V6A5/.test-6202/relaunch-tmp/fm-control-relaunch.NHgaJt/switch-10269/home/state/rl4.git-hooks/post-checkout: Permission denied
rm: /Users/mremond/.no-mistakes/worktrees/acf4a767348a/01M4AX10ZC7N8D2XBFQHB3V6A5/.test-6202/relaunch-tmp/fm-control-relaunch.NHgaJt/switch-10269/home/state/rl4.git-hooks/post-applypatch: Permission denied
rm: /Users/mremond/.no-mistakes/worktrees/acf4a767348a/01M4AX10ZC7N8D2XBFQHB3V6A5/.test-6202/relaunch-tmp/fm-control-relaunch.NHgaJt/switch-10269/home/state/rl4.git-hooks/post-rewrite: Permission denied
rm: /Users/mremond/.no-mistakes/worktrees/acf4a767348a/01M4AX10ZC7N8D2XBFQHB3V6A5/.test-6202/relaunch-tmp/fm-control-relaunch.NHgaJt/switch-10269/home/state/rl4.git-hooks/commit-msg: Permission denied
rm: /Users/mremond/.no-mistakes/worktrees/acf4a767348a/01M4AX10ZC7N8D2XBFQHB3V6A5/.test-6202/relaunch-tmp/fm-control-relaunch.NHgaJt/switch-10269/home/state/rl4.git-hooks/pre-push: Permission denied
rm: /Users/mremond/.no-mistakes/worktrees/acf4a767348a/01M4AX10ZC7N8D2XBFQHB3V6A5/.test-6202/relaunch-tmp/fm-control-relaunch.NHgaJt/switch-10269/home/state/rl4.git-hooks/post-merge: Permission denied
rm: /Users/mremond/.no-mistakes/worktrees/acf4a767348a/01M4AX10ZC7N8D2XBFQHB3V6A5/.test-6202/relaunch-tmp/fm-control-relaunch.NHgaJt/switch-10269/home/state/rl4.git-hooks/pre-commit: Permission denied
rm: /Users/mremond/.no-mistakes/worktrees/acf4a767348a/01M4AX10ZC7N8D2XBFQHB3V6A5/.test-6202/relaunch-tmp/fm-control-relaunch.NHgaJt/switch-10269/home/state/rl4.git-hooks: Directory not empty
rm: /Users/mremond/.no-mistakes/worktrees/acf4a767348a/01M4AX10ZC7N8D2XBFQHB3V6A5/.test-6202/relaunch-tmp/fm-control-relaunch.NHgaJt/switch-10269/home/state: Directory not empty
rm: /Users/mremond/.no-mistakes/worktrees/acf4a767348a/01M4AX10ZC7N8D2XBFQHB3V6A5/.test-6202/relaunch-tmp/fm-control-relaunch.NHgaJt/switch-10269/home: Directory not empty
rm: /Users/mremond/.no-mistakes/worktrees/acf4a767348a/01M4AX10ZC7N8D2XBFQHB3V6A5/.test-6202/relaunch-tmp/fm-control-relaunch.NHgaJt/switch-10269: Directory not empty
rm: /Users/mremond/.no-mistakes/worktrees/acf4a767348a/01M4AX10ZC7N8D2XBFQHB3V6A5/.test-6202/relaunch-tmp/fm-control-relaunch.NHgaJt/prefixwiring-10421/home/state/rl30.git-hooks/pre-rebase: Permission denied
rm: /Users/mremond/.no-mistakes/worktrees/acf4a767348a/01M4AX10ZC7N8D2XBFQHB3V6A5/.test-6202/relaunch-tmp/fm-control-relaunch.NHgaJt/prefixwiring-10421/home/state/rl30.git-hooks/pre-applypatch: Permission denied
rm: /Users/mremond/.no-mistakes/worktrees/acf4a767348a/01M4AX10ZC7N8D2XBFQHB3V6A5/.test-6202/relaunch-tmp/fm-control-relaunch.NHgaJt/prefixwiring-10421/home/state/rl30.git-hooks/pre-auto-gc: Permission denied
rm: /Users/mremond/.no-mistakes/worktrees/acf4a767348a/01M4AX10ZC7N8D2XBFQHB3V6A5/.test-6202/relaunch-tmp/fm-control-relaunch.NHgaJt/prefixwiring-10421/home/state/rl30.git-hooks/pre-merge-commit: Permission denied
rm: /Users/mremond/.no-mistakes/worktrees/acf4a767348a/01M4AX10ZC7N8D2XBFQHB3V6A5/.test-6202/relaunch-tmp/fm-control-relaunch.NHgaJt/prefixwiring-10421/home/state/rl30.git-hooks/post-commit: Permission denied
rm: /Users/mremond/.no-mistakes/worktrees/acf4a767348a/01M4AX10ZC7N8D2XBFQHB3V6A5/.test-6202/relaunch-tmp/fm-control-relaunch.NHgaJt/prefixwiring-10421/home/state/rl30.git-hooks/sendemail-validate: Permission denied
rm: /Users/mremond/.no-mistakes/worktrees/acf4a767348a/01M4AX10ZC7N8D2XBFQHB3V6A5/.test-6202/relaunch-tmp/fm-control-relaunch.NHgaJt/prefixwiring-10421/home/state/rl30.git-hooks/applypatch-msg: Permission denied
rm: /Users/mremond/.no-mistakes/worktrees/acf4a767348a/01M4AX10ZC7N8D2XBFQHB3V6A5/.test-6202/relaunch-tmp/fm-control-relaunch.NHgaJt/prefixwiring-10421/home/state/rl30.git-hooks/prepare-commit-msg: Permission denied
rm: /Users/mremond/.no-mistakes/worktrees/acf4a767348a/01M4AX10ZC7N8D2XBFQHB3V6A5/.test-6202/relaunch-tmp/fm-control-relaunch.NHgaJt/prefixwiring-10421/home/state/rl30.git-hooks/post-checkout: Permission denied
rm: /Users/mremond/.no-mistakes/worktrees/acf4a767348a/01M4AX10ZC7N8D2XBFQHB3V6A5/.test-6202/relaunch-tmp/fm-control-relaunch.NHgaJt/prefixwiring-10421/home/state/rl30.git-hooks/post-applypatch: Permission denied
rm: /Users/mremond/.no-mistakes/worktrees/acf4a767348a/01M4AX10ZC7N8D2XBFQHB3V6A5/.test-6202/relaunch-tmp/fm-control-relaunch.NHgaJt/prefixwiring-10421/home/state/rl30.git-hooks/post-rewrite: Permission denied
rm: /Users/mremond/.no-mistakes/worktrees/acf4a767348a/01M4AX10ZC7N8D2XBFQHB3V6A5/.test-6202/relaunch-tmp/fm-control-relaunch.NHgaJt/prefixwiring-10421/home/state/rl30.git-hooks/commit-msg: Permission denied
rm: /Users/mremond/.no-mistakes/worktrees/acf4a767348a/01M4AX10ZC7N8D2XBFQHB3V6A5/.test-6202/relaunch-tmp/fm-control-relaunch.NHgaJt/prefixwiring-10421/home/state/rl30.git-hooks/pre-push: Permission denied
rm: /Users/mremond/.no-mistakes/worktrees/acf4a767348a/01M4AX10ZC7N8D2XBFQHB3V6A5/.test-6202/relaunch-tmp/fm-control-relaunch.NHgaJt/prefixwiring-10421/home/state/rl30.git-hooks/post-merge: Permission denied
rm: /Users/mremond/.no-mistakes/worktrees/acf4a767348a/01M4AX10ZC7N8D2XBFQHB3V6A5/.test-6202/relaunch-tmp/fm-control-relaunch.NHgaJt/prefixwiring-10421/home/state/rl30.git-hooks/pre-commit: Permission denied
rm: /Users/mremond/.no-mistakes/worktrees/acf4a767348a/01M4AX10ZC7N8D2XBFQHB3V6A5/.test-6202/relaunch-tmp/fm-control-relaunch.NHgaJt/prefixwiring-10421/home/state/rl30.git-hooks: Directory not empty
rm: /Users/mremond/.no-mistakes/worktrees/acf4a767348a/01M4AX10ZC7N8D2XBFQHB3V6A5/.test-6202/relaunch-tmp/fm-control-relaunch.NHgaJt/prefixwiring-10421/home/state: Directory not empty
rm: /Users/mremond/.no-mistakes/worktrees/acf4a767348a/01M4AX10ZC7N8D2XBFQHB3V6A5/.test-6202/relaunch-tmp/fm-control-relaunch.NHgaJt/prefixwiring-10421/home: Directory not empty
rm: /Users/mremond/.no-mistakes/worktrees/acf4a767348a/01M4AX10ZC7N8D2XBFQHB3V6A5/.test-6202/relaunch-tmp/fm-control-relaunch.NHgaJt/prefixwiring-10421: Directory not empty
rm: /Users/mremond/.no-mistakes/worktrees/acf4a767348a/01M4AX10ZC7N8D2XBFQHB3V6A5/.test-6202/relaunch-tmp/fm-control-relaunch.NHgaJt/resume-claude-29746/home/state/resume-claude.git-hooks/pre-rebase: Permission denied
rm: /Users/mremond/.no-mistakes/worktrees/acf4a767348a/01M4AX10ZC7N8D2XBFQHB3V6A5/.test-6202/relaunch-tmp/fm-control-relaunch.NHgaJt/resume-claude-29746/home/state/resume-claude.git-hooks/pre-applypatch: Permission denied
rm: /Users/mremond/.no-mistakes/worktrees/acf4a767348a/01M4AX10ZC7N8D2XBFQHB3V6A5/.test-6202/relaunch-tmp/fm-control-relaunch.NHgaJt/resume-claude-29746/home/state/resume-claude.git-hooks/pre-auto-gc: Permission denied
rm: /Users/mremond/.no-mistakes/worktrees/acf4a767348a/01M4AX10ZC7N8D2XBFQHB3V6A5/.test-6202/relaunch-tmp/fm-control-relaunch.NHgaJt/resume-claude-29746/home/state/resume-claude.git-hooks/pre-merge-commit: Permission denied
rm: /Users/mremond/.no-mistakes/worktrees/acf4a767348a/01M4AX10ZC7N8D2XBFQHB3V6A5/.test-6202/relaunch-tmp/fm-control-relaunch.NHgaJt/resume-claude-29746/home/state/resume-claude.git-hooks/post-commit: Permission denied
rm: /Users/mremond/.no-mistakes/worktrees/acf4a767348a/01M4AX10ZC7N8D2XBFQHB3V6A5/.test-6202/relaunch-tmp/fm-control-relaunch.NHgaJt/resume-claude-29746/home/state/resume-claude.git-hooks/sendemail-validate: Permission denied
rm: /Users/mremond/.no-mistakes/worktrees/acf4a767348a/01M4AX10ZC7N8D2XBFQHB3V6A5/.test-6202/relaunch-tmp/fm-control-relaunch.NHgaJt/resume-claude-29746/home/state/resume-claude.git-hooks/applypatch-msg: Permission denied
rm: /Users/mremond/.no-mistakes/worktrees/acf4a767348a/01M4AX10ZC7N8D2XBFQHB3V6A5/.test-6202/relaunch-tmp/fm-control-relaunch.NHgaJt/resume-claude-29746/home/state/resume-claude.git-hooks/prepare-commit-msg: Permission denied
rm: /Users/mremond/.no-mistakes/worktrees/acf4a767348a/01M4AX10ZC7N8D2XBFQHB3V6A5/.test-6202/relaunch-tmp/fm-control-relaunch.NHgaJt/resume-claude-29746/home/state/resume-claude.git-hooks/post-checkout: Permission denied
rm: /Users/mremond/.no-mistakes/worktrees/acf4a767348a/01M4AX10ZC7N8D2XBFQHB3V6A5/.test-6202/relaunch-tmp/fm-control-relaunch.NHgaJt/resume-claude-29746/home/state/resume-claude.git-hooks/post-applypatch: Permission denied
rm: /Users/mremond/.no-mistakes/worktrees/acf4a767348a/01M4AX10ZC7N8D2XBFQHB3V6A5/.test-6202/relaunch-tmp/fm-control-relaunch.NHgaJt/resume-claude-29746/home/state/resume-claude.git-hooks/post-rewrite: Permission denied
rm: /Users/mremond/.no-mistakes/worktrees/acf4a767348a/01M4AX10ZC7N8D2XBFQHB3V6A5/.test-6202/relaunch-tmp/fm-control-relaunch.NHgaJt/resume-claude-29746/home/state/resume-claude.git-hooks/commit-msg: Permission denied
rm: /Users/mremond/.no-mistakes/worktrees/acf4a767348a/01M4AX10ZC7N8D2XBFQHB3V6A5/.test-6202/relaunch-tmp/fm-control-relaunch.NHgaJt/resume-claude-29746/home/state/resume-claude.git-hooks/pre-push: Permission denied
rm: /Users/mremond/.no-mistakes/worktrees/acf4a767348a/01M4AX10ZC7N8D2XBFQHB3V6A5/.test-6202/relaunch-tmp/fm-control-relaunch.NHgaJt/resume-claude-29746/home/state/resume-claude.git-hooks/post-merge: Permission denied
rm: /Users/mremond/.no-mistakes/worktrees/acf4a767348a/01M4AX10ZC7N8D2XBFQHB3V6A5/.test-6202/relaunch-tmp/fm-control-relaunch.NHgaJt/resume-claude-29746/home/state/resume-claude.git-hooks/pre-commit: Permission denied
rm: /Users/mremond/.no-mistakes/worktrees/acf4a767348a/01M4AX10ZC7N8D2XBFQHB3V6A5/.test-6202/relaunch-tmp/fm-control-relaunch.NHgaJt/resume-claude-29746/home/state/resume-claude.git-hooks: Directory not empty
rm: /Users/mremond/.no-mistakes/worktrees/acf4a767348a/01M4AX10ZC7N8D2XBFQHB3V6A5/.test-6202/relaunch-tmp/fm-control-relaunch.NHgaJt/resume-claude-29746/home/state: Directory not empty
rm: /Users/mremond/.no-mistakes/worktrees/acf4a767348a/01M4AX10ZC7N8D2XBFQHB3V6A5/.test-6202/relaunch-tmp/fm-control-relaunch.NHgaJt/resume-claude-29746/home: Directory not empty
rm: /Users/mremond/.no-mistakes/worktrees/acf4a767348a/01M4AX10ZC7N8D2XBFQHB3V6A5/.test-6202/relaunch-tmp/fm-control-relaunch.NHgaJt/resume-claude-29746: Directory not empty
rm: /Users/mremond/.no-mistakes/worktrees/acf4a767348a/01M4AX10ZC7N8D2XBFQHB3V6A5/.test-6202/relaunch-tmp/fm-control-relaunch.NHgaJt/metadata-race-12291/home/state/rl28.git-hooks/pre-rebase: Permission denied
rm: /Users/mremond/.no-mistakes/worktrees/acf4a767348a/01M4AX10ZC7N8D2XBFQHB3V6A5/.test-6202/relaunch-tmp/fm-control-relaunch.NHgaJt/metadata-race-12291/home/state/rl28.git-hooks/pre-applypatch: Permission denied
rm: /Users/mremond/.no-mistakes/worktrees/acf4a767348a/01M4AX10ZC7N8D2XBFQHB3V6A5/.test-6202/relaunch-tmp/fm-control-relaunch.NHgaJt/metadata-race-12291/home/state/rl28.git-hooks/pre-auto-gc: Permission denied
rm: /Users/mremond/.no-mistakes/worktrees/acf4a767348a/01M4AX10ZC7N8D2XBFQHB3V6A5/.test-6202/relaunch-tmp/fm-control-relaunch.NHgaJt/metadata-race-12291/home/state/rl28.git-hooks/pre-merge-commit: Permission denied
rm: /Users/mremond/.no-mistakes/worktrees/acf4a767348a/01M4AX10ZC7N8D2XBFQHB3V6A5/.test-6202/relaunch-tmp/fm-control-relaunch.NHgaJt/metadata-race-12291/home/state/rl28.git-hooks/post-commit: Permission denied
rm: /Users/mremond/.no-mistakes/worktrees/acf4a767348a/01M4AX10ZC7N8D2XBFQHB3V6A5/.test-6202/relaunch-tmp/fm-control-relaunch.NHgaJt/metadata-race-12291/home/state/rl28.git-hooks/sendemail-validate: Permission denied
rm: /Users/mremond/.no-mistakes/worktrees/acf4a767348a/01M4AX10ZC7N8D2XBFQHB3V6A5/.test-6202/relaunch-tmp/fm-control-relaunch.NHgaJt/metadata-race-12291/home/state/rl28.git-hooks/applypatch-msg: Permission denied
rm: /Users/mremond/.no-mistakes/worktrees/acf4a767348a/01M4AX10ZC7N8D2XBFQHB3V6A5/.test-6202/relaunch-tmp/fm-control-relaunch.NHgaJt/metadata-race-12291/home/state/rl28.git-hooks/prepare-commit-msg: Permission denied
rm: /Users/mremond/.no-mistakes/worktrees/acf4a767348a/01M4AX10ZC7N8D2XBFQHB3V6A5/.test-6202/relaunch-tmp/fm-control-relaunch.NHgaJt/metadata-race-12291/home/state/rl28.git-hooks/post-checkout: Permission denied
rm: /Users/mremond/.no-mistakes/worktrees/acf4a767348a/01M4AX10ZC7N8D2XBFQHB3V6A5/.test-6202/relaunch-tmp/fm-control-relaunch.NHgaJt/metadata-race-12291/home/state/rl28.git-hooks/post-applypatch: Permission denied
rm: /Users/mremond/.no-mistakes/worktrees/acf4a767348a/01M4AX10ZC7N8D2XBFQHB3V6A5/.test-6202/relaunch-tmp/fm-control-relaunch.NHgaJt/metadata-race-12291/home/state/rl28.git-hooks/post-rewrite: Permission denied
rm: /Users/mremond/.no-mistakes/worktrees/acf4a767348a/01M4AX10ZC7N8D2XBFQHB3V6A5/.test-6202/relaunch-tmp/fm-control-relaunch.NHgaJt/metadata-race-12291/home/state/rl28.git-hooks/commit-msg: Permission denied
rm: /Users/mremond/.no-mistakes/worktrees/acf4a767348a/01M4AX10ZC7N8D2XBFQHB3V6A5/.test-6202/relaunch-tmp/fm-control-relaunch.NHgaJt/metadata-race-12291/home/state/rl28.git-hooks/pre-push: Permission denied
rm: /Users/mremond/.no-mistakes/worktrees/acf4a767348a/01M4AX10ZC7N8D2XBFQHB3V6A5/.test-6202/relaunch-tmp/fm-control-relaunch.NHgaJt/metadata-race-12291/home/state/rl28.git-hooks/post-merge: Permission denied
rm: /Users/mremond/.no-mistakes/worktrees/acf4a767348a/01M4AX10ZC7N8D2XBFQHB3V6A5/.test-6202/relaunch-tmp/fm-control-relaunch.NHgaJt/metadata-race-12291/home/state/rl28.git-hooks/pre-commit: Permission denied
rm: /Users/mremond/.no-mistakes/worktrees/acf4a767348a/01M4AX10ZC7N8D2XBFQHB3V6A5/.test-6202/relaunch-tmp/fm-control-relaunch.NHgaJt/metadata-race-12291/home/state/rl28.git-hooks: Directory not empty
rm: /Users/mremond/.no-mistakes/worktrees/acf4a767348a/01M4AX10ZC7N8D2XBFQHB3V6A5/.test-6202/relaunch-tmp/fm-control-relaunch.NHgaJt/metadata-race-12291/home/state: Directory not empty
rm: /Users/mremond/.no-mistakes/worktrees/acf4a767348a/01M4AX10ZC7N8D2XBFQHB3V6A5/.test-6202/relaunch-tmp/fm-control-relaunch.NHgaJt/metadata-race-12291/home: Directory not empty
rm: /Users/mremond/.no-mistakes/worktrees/acf4a767348a/01M4AX10ZC7N8D2XBFQHB3V6A5/.test-6202/relaunch-tmp/fm-control-relaunch.NHgaJt/metadata-race-12291: Directory not empty
rm: /Users/mremond/.no-mistakes/worktrees/acf4a767348a/01M4AX10ZC7N8D2XBFQHB3V6A5/.test-6202/relaunch-tmp/fm-control-relaunch.NHgaJt/keepprofile-700/home/state/rl6.git-hooks/pre-rebase: Permission denied
rm: /Users/mremond/.no-mistakes/worktrees/acf4a767348a/01M4AX10ZC7N8D2XBFQHB3V6A5/.test-6202/relaunch-tmp/fm-control-relaunch.NHgaJt/keepprofile-700/home/state/rl6.git-hooks/pre-applypatch: Permission denied
rm: /Users/mremond/.no-mistakes/worktrees/acf4a767348a/01M4AX10ZC7N8D2XBFQHB3V6A5/.test-6202/relaunch-tmp/fm-control-relaunch.NHgaJt/keepprofile-700/home/state/rl6.git-hooks/pre-auto-gc: Permission denied
rm: /Users/mremond/.no-mistakes/worktrees/acf4a767348a/01M4AX10ZC7N8D2XBFQHB3V6A5/.test-6202/relaunch-tmp/fm-control-relaunch.NHgaJt/keepprofile-700/home/state/rl6.git-hooks/pre-merge-commit: Permission denied
rm: /Users/mremond/.no-mistakes/worktrees/acf4a767348a/01M4AX10ZC7N8D2XBFQHB3V6A5/.test-6202/relaunch-tmp/fm-control-relaunch.NHgaJt/keepprofile-700/home/state/rl6.git-hooks/post-commit: Permission denied
rm: /Users/mremond/.no-mistakes/worktrees/acf4a767348a/01M4AX10ZC7N8D2XBFQHB3V6A5/.test-6202/relaunch-tmp/fm-control-relaunch.NHgaJt/keepprofile-700/home/state/rl6.git-hooks/sendemail-validate: Permission denied
rm: /Users/mremond/.no-mistakes/worktrees/acf4a767348a/01M4AX10ZC7N8D2XBFQHB3V6A5/.test-6202/relaunch-tmp/fm-control-relaunch.NHgaJt/keepprofile-700/home/state/rl6.git-hooks/applypatch-msg: Permission denied
rm: /Users/mremond/.no-mistakes/worktrees/acf4a767348a/01M4AX10ZC7N8D2XBFQHB3V6A5/.test-6202/relaunch-tmp/fm-control-relaunch.NHgaJt/keepprofile-700/home/state/rl6.git-hooks/prepare-commit-msg: Permission denied
rm: /Users/mremond/.no-mistakes/worktrees/acf4a767348a/01M4AX10ZC7N8D2XBFQHB3V6A5/.test-6202/relaunch-tmp/fm-control-relaunch.NHgaJt/keepprofile-700/home/state/rl6.git-hooks/post-checkout: Permission denied
rm: /Users/mremond/.no-mistakes/worktrees/acf4a767348a/01M4AX10ZC7N8D2XBFQHB3V6A5/.test-6202/relaunch-tmp/fm-control-relaunch.NHgaJt/keepprofile-700/home/state/rl6.git-hooks/post-applypatch: Permission denied
rm: /Users/mremond/.no-mistakes/worktrees/acf4a767348a/01M4AX10ZC7N8D2XBFQHB3V6A5/.test-6202/relaunch-tmp/fm-control-relaunch.NHgaJt/keepprofile-700/home/state/rl6.git-hooks/post-rewrite: Permission denied
rm: /Users/mremond/.no-mistakes/worktrees/acf4a767348a/01M4AX10ZC7N8D2XBFQHB3V6A5/.test-6202/relaunch-tmp/fm-control-relaunch.NHgaJt/keepprofile-700/home/state/rl6.git-hooks/commit-msg: Permission denied
rm: /Users/mremond/.no-mistakes/worktrees/acf4a767348a/01M4AX10ZC7N8D2XBFQHB3V6A5/.test-6202/relaunch-tmp/fm-control-relaunch.NHgaJt/keepprofile-700/home/state/rl6.git-hooks/pre-push: Permission denied
rm: /Users/mremond/.no-mistakes/worktrees/acf4a767348a/01M4AX10ZC7N8D2XBFQHB3V6A5/.test-6202/relaunch-tmp/fm-control-relaunch.NHgaJt/keepprofile-700/home/state/rl6.git-hooks/post-merge: Permission denied
rm: /Users/mremond/.no-mistakes/worktrees/acf4a767348a/01M4AX10ZC7N8D2XBFQHB3V6A5/.test-6202/relaunch-tmp/fm-control-relaunch.NHgaJt/keepprofile-700/home/state/rl6.git-hooks/pre-commit: Permission denied
rm: /Users/mremond/.no-mistakes/worktrees/acf4a767348a/01M4AX10ZC7N8D2XBFQHB3V6A5/.test-6202/relaunch-tmp/fm-control-relaunch.NHgaJt/keepprofile-700/home/state/rl6.git-hooks: Directory not empty
rm: /Users/mremond/.no-mistakes/worktrees/acf4a767348a/01M4AX10ZC7N8D2XBFQHB3V6A5/.test-6202/relaunch-tmp/fm-control-relaunch.NHgaJt/keepprofile-700/home/state: Directory not empty
rm: /Users/mremond/.no-mistakes/worktrees/acf4a767348a/01M4AX10ZC7N8D2XBFQHB3V6A5/.test-6202/relaunch-tmp/fm-control-relaunch.NHgaJt/keepprofile-700/home: Directory not empty
rm: /Users/mremond/.no-mistakes/worktrees/acf4a767348a/01M4AX10ZC7N8D2XBFQHB3V6A5/.test-6202/relaunch-tmp/fm-control-relaunch.NHgaJt/keepprofile-700: Directory not empty
rm: /Users/mremond/.no-mistakes/worktrees/acf4a767348a/01M4AX10ZC7N8D2XBFQHB3V6A5/.test-6202/relaunch-tmp/fm-control-relaunch.NHgaJt/invalid-effort-2745/home/state/sm6.git-hooks/pre-rebase: Permission denied
rm: /Users/mremond/.no-mistakes/worktrees/acf4a767348a/01M4AX10ZC7N8D2XBFQHB3V6A5/.test-6202/relaunch-tmp/fm-control-relaunch.NHgaJt/invalid-effort-2745/home/state/sm6.git-hooks/pre-applypatch: Permission denied
rm: /Users/mremond/.no-mistakes/worktrees/acf4a767348a/01M4AX10ZC7N8D2XBFQHB3V6A5/.test-6202/relaunch-tmp/fm-control-relaunch.NHgaJt/invalid-effort-2745/home/state/sm6.git-hooks/pre-auto-gc: Permission denied
rm: /Users/mremond/.no-mistakes/worktrees/acf4a767348a/01M4AX10ZC7N8D2XBFQHB3V6A5/.test-6202/relaunch-tmp/fm-control-relaunch.NHgaJt/invalid-effort-2745/home/state/sm6.git-hooks/pre-merge-commit: Permission denied
rm: /Users/mremond/.no-mistakes/worktrees/acf4a767348a/01M4AX10ZC7N8D2XBFQHB3V6A5/.test-6202/relaunch-tmp/fm-control-relaunch.NHgaJt/invalid-effort-2745/home/state/sm6.git-hooks/post-commit: Permission denied
rm: /Users/mremond/.no-mistakes/worktrees/acf4a767348a/01M4AX10ZC7N8D2XBFQHB3V6A5/.test-6202/relaunch-tmp/fm-control-relaunch.NHgaJt/invalid-effort-2745/home/state/sm6.git-hooks/sendemail-validate: Permission denied
rm: /Users/mremond/.no-mistakes/worktrees/acf4a767348a/01M4AX10ZC7N8D2XBFQHB3V6A5/.test-6202/relaunch-tmp/fm-control-relaunch.NHgaJt/invalid-effort-2745/home/state/sm6.git-hooks/applypatch-msg: Permission denied
rm: /Users/mremond/.no-mistakes/worktrees/acf4a767348a/01M4AX10ZC7N8D2XBFQHB3V6A5/.test-6202/relaunch-tmp/fm-control-relaunch.NHgaJt/invalid-effort-2745/home/state/sm6.git-hooks/prepare-commit-msg: Permission denied
rm: /Users/mremond/.no-mistakes/worktrees/acf4a767348a/01M4AX10ZC7N8D2XBFQHB3V6A5/.test-6202/relaunch-tmp/fm-control-relaunch.NHgaJt/invalid-effort-2745/home/state/sm6.git-hooks/post-checkout: Permission denied
rm: /Users/mremond/.no-mistakes/worktrees/acf4a767348a/01M4AX10ZC7N8D2XBFQHB3V6A5/.test-6202/relaunch-tmp/fm-control-relaunch.NHgaJt/invalid-effort-2745/home/state/sm6.git-hooks/post-applypatch: Permission denied
rm: /Users/mremond/.no-mistakes/worktrees/acf4a767348a/01M4AX10ZC7N8D2XBFQHB3V6A5/.test-6202/relaunch-tmp/fm-control-relaunch.NHgaJt/invalid-effort-2745/home/state/sm6.git-hooks/post-rewrite: Permission denied
rm: /Users/mremond/.no-mistakes/worktrees/acf4a767348a/01M4AX10ZC7N8D2XBFQHB3V6A5/.test-6202/relaunch-tmp/fm-control-relaunch.NHgaJt/invalid-effort-2745/home/state/sm6.git-hooks/commit-msg: Permission denied
rm: /Users/mremond/.no-mistakes/worktrees/acf4a767348a/01M4AX10ZC7N8D2XBFQHB3V6A5/.test-6202/relaunch-tmp/fm-control-relaunch.NHgaJt/invalid-effort-2745/home/state/sm6.git-hooks/pre-push: Permission denied
rm: /Users/mremond/.no-mistakes/worktrees/acf4a767348a/01M4AX10ZC7N8D2XBFQHB3V6A5/.test-6202/relaunch-tmp/fm-control-relaunch.NHgaJt/invalid-effort-2745/home/state/sm6.git-hooks/post-merge: Permission denied
rm: /Users/mremond/.no-mistakes/worktrees/acf4a767348a/01M4AX10ZC7N8D2XBFQHB3V6A5/.test-6202/relaunch-tmp/fm-control-relaunch.NHgaJt/invalid-effort-2745/home/state/sm6.git-hooks/pre-commit: Permission denied
rm: /Users/mremond/.no-mistakes/worktrees/acf4a767348a/01M4AX10ZC7N8D2XBFQHB3V6A5/.test-6202/relaunch-tmp/fm-control-relaunch.NHgaJt/invalid-effort-2745/home/state/sm6.git-hooks: Directory not empty
rm: /Users/mremond/.no-mistakes/worktrees/acf4a767348a/01M4AX10ZC7N8D2XBFQHB3V6A5/.test-6202/relaunch-tmp/fm-control-relaunch.NHgaJt/invalid-effort-2745/home/state: Directory not empty
rm: /Users/mremond/.no-mistakes/worktrees/acf4a767348a/01M4AX10ZC7N8D2XBFQHB3V6A5/.test-6202/relaunch-tmp/fm-control-relaunch.NHgaJt/invalid-effort-2745/home: Directory not empty
rm: /Users/mremond/.no-mistakes/worktrees/acf4a767348a/01M4AX10ZC7N8D2XBFQHB3V6A5/.test-6202/relaunch-tmp/fm-control-relaunch.NHgaJt/invalid-effort-2745: Directory not empty
rm: /Users/mremond/.no-mistakes/worktrees/acf4a767348a/01M4AX10ZC7N8D2XBFQHB3V6A5/.test-6202/relaunch-tmp/fm-control-relaunch.NHgaJt/crewcfg-12388/home/state/rl20.git-hooks/pre-rebase: Permission denied
rm: /Users/mremond/.no-mistakes/worktrees/acf4a767348a/01M4AX10ZC7N8D2XBFQHB3V6A5/.test-6202/relaunch-tmp/fm-control-relaunch.NHgaJt/crewcfg-12388/home/state/rl20.git-hooks/pre-applypatch: Permission denied
rm: /Users/mremond/.no-mistakes/worktrees/acf4a767348a/01M4AX10ZC7N8D2XBFQHB3V6A5/.test-6202/relaunch-tmp/fm-control-relaunch.NHgaJt/crewcfg-12388/home/state/rl20.git-hooks/pre-auto-gc: Permission denied
rm: /Users/mremond/.no-mistakes/worktrees/acf4a767348a/01M4AX10ZC7N8D2XBFQHB3V6A5/.test-6202/relaunch-tmp/fm-control-relaunch.NHgaJt/crewcfg-12388/home/state/rl20.git-hooks/pre-merge-commit: Permission denied
rm: /Users/mremond/.no-mistakes/worktrees/acf4a767348a/01M4AX10ZC7N8D2XBFQHB3V6A5/.test-6202/relaunch-tmp/fm-control-relaunch.NHgaJt/crewcfg-12388/home/state/rl20.git-hooks/post-commit: Permission denied
rm: /Users/mremond/.no-mistakes/worktrees/acf4a767348a/01M4AX10ZC7N8D2XBFQHB3V6A5/.test-6202/relaunch-tmp/fm-control-relaunch.NHgaJt/crewcfg-12388/home/state/rl20.git-hooks/sendemail-validate: Permission denied
rm: /Users/mremond/.no-mistakes/worktrees/acf4a767348a/01M4AX10ZC7N8D2XBFQHB3V6A5/.test-6202/relaunch-tmp/fm-control-relaunch.NHgaJt/crewcfg-12388/home/state/rl20.git-hooks/applypatch-msg: Permission denied
rm: /Users/mremond/.no-mistakes/worktrees/acf4a767348a/01M4AX10ZC7N8D2XBFQHB3V6A5/.test-6202/relaunch-tmp/fm-control-relaunch.NHgaJt/crewcfg-12388/home/state/rl20.git-hooks/prepare-commit-msg: Permission denied
rm: /Users/mremond/.no-mistakes/worktrees/acf4a767348a/01M4AX10ZC7N8D2XBFQHB3V6A5/.test-6202/relaunch-tmp/fm-control-relaunch.NHgaJt/crewcfg-12388/home/state/rl20.git-hooks/post-checkout: Permission denied
rm: /Users/mremond/.no-mistakes/worktrees/acf4a767348a/01M4AX10ZC7N8D2XBFQHB3V6A5/.test-6202/relaunch-tmp/fm-control-relaunch.NHgaJt/crewcfg-12388/home/state/rl20.git-hooks/post-applypatch: Permission denied
rm: /Users/mremond/.no-mistakes/worktrees/acf4a767348a/01M4AX10ZC7N8D2XBFQHB3V6A5/.test-6202/relaunch-tmp/fm-control-relaunch.NHgaJt/crewcfg-12388/home/state/rl20.git-hooks/post-rewrite: Permission denied
rm: /Users/mremond/.no-mistakes/worktrees/acf4a767348a/01M4AX10ZC7N8D2XBFQHB3V6A5/.test-6202/relaunch-tmp/fm-control-relaunch.NHgaJt/crewcfg-12388/home/state/rl20.git-hooks/commit-msg: Permission denied
rm: /Users/mremond/.no-mistakes/worktrees/acf4a767348a/01M4AX10ZC7N8D2XBFQHB3V6A5/.test-6202/relaunch-tmp/fm-control-relaunch.NHgaJt/crewcfg-12388/home/state/rl20.git-hooks/pre-push: Permission denied
rm: /Users/mremond/.no-mistakes/worktrees/acf4a767348a/01M4AX10ZC7N8D2XBFQHB3V6A5/.test-6202/relaunch-tmp/fm-control-relaunch.NHgaJt/crewcfg-12388/home/state/rl20.git-hooks/post-merge: Permission denied
rm: /Users/mremond/.no-mistakes/worktrees/acf4a767348a/01M4AX10ZC7N8D2XBFQHB3V6A5/.test-6202/relaunch-tmp/fm-control-relaunch.NHgaJt/crewcfg-12388/home/state/rl20.git-hooks/pre-commit: Permission denied
rm: /Users/mremond/.no-mistakes/worktrees/acf4a767348a/01M4AX10ZC7N8D2XBFQHB3V6A5/.test-6202/relaunch-tmp/fm-control-relaunch.NHgaJt/crewcfg-12388/home/state/rl20.git-hooks: Directory not empty
rm: /Users/mremond/.no-mistakes/worktrees/acf4a767348a/01M4AX10ZC7N8D2XBFQHB3V6A5/.test-6202/relaunch-tmp/fm-control-relaunch.NHgaJt/crewcfg-12388/home/state: Directory not empty
rm: /Users/mremond/.no-mistakes/worktrees/acf4a767348a/01M4AX10ZC7N8D2XBFQHB3V6A5/.test-6202/relaunch-tmp/fm-control-relaunch.NHgaJt/crewcfg-12388/home: Directory not empty
rm: /Users/mremond/.no-mistakes/worktrees/acf4a767348a/01M4AX10ZC7N8D2XBFQHB3V6A5/.test-6202/relaunch-tmp/fm-control-relaunch.NHgaJt/crewcfg-12388: Directory not empty
rm: /Users/mremond/.no-mistakes/worktrees/acf4a767348a/01M4AX10ZC7N8D2XBFQHB3V6A5/.test-6202/relaunch-tmp/fm-control-relaunch.NHgaJt/smexplicit-26351/home/state/sm4.git-hooks/pre-rebase: Permission denied
rm: /Users/mremond/.no-mistakes/worktrees/acf4a767348a/01M4AX10ZC7N8D2XBFQHB3V6A5/.test-6202/relaunch-tmp/fm-control-relaunch.NHgaJt/smexplicit-26351/home/state/sm4.git-hooks/pre-applypatch: Permission denied
rm: /Users/mremond/.no-mistakes/worktrees/acf4a767348a/01M4AX10ZC7N8D2XBFQHB3V6A5/.test-6202/relaunch-tmp/fm-control-relaunch.NHgaJt/smexplicit-26351/home/state/sm4.git-hooks/pre-auto-gc: Permission denied
rm: /Users/mremond/.no-mistakes/worktrees/acf4a767348a/01M4AX10ZC7N8D2XBFQHB3V6A5/.test-6202/relaunch-tmp/fm-control-relaunch.NHgaJt/smexplicit-26351/home/state/sm4.git-hooks/pre-merge-commit: Permission denied
rm: /Users/mremond/.no-mistakes/worktrees/acf4a767348a/01M4AX10ZC7N8D2XBFQHB3V6A5/.test-6202/relaunch-tmp/fm-control-relaunch.NHgaJt/smexplicit-26351/home/state/sm4.git-hooks/post-commit: Permission denied
rm: /Users/mremond/.no-mistakes/worktrees/acf4a767348a/01M4AX10ZC7N8D2XBFQHB3V6A5/.test-6202/relaunch-tmp/fm-control-relaunch.NHgaJt/smexplicit-26351/home/state/sm4.git-hooks/sendemail-validate: Permission denied
rm: /Users/mremond/.no-mistakes/worktrees/acf4a767348a/01M4AX10ZC7N8D2XBFQHB3V6A5/.test-6202/relaunch-tmp/fm-control-relaunch.NHgaJt/smexplicit-26351/home/state/sm4.git-hooks/applypatch-msg: Permission denied
rm: /Users/mremond/.no-mistakes/worktrees/acf4a767348a/01M4AX10ZC7N8D2XBFQHB3V6A5/.test-6202/relaunch-tmp/fm-control-relaunch.NHgaJt/smexplicit-26351/home/state/sm4.git-hooks/prepare-commit-msg: Permission denied
rm: /Users/mremond/.no-mistakes/worktrees/acf4a767348a/01M4AX10ZC7N8D2XBFQHB3V6A5/.test-6202/relaunch-tmp/fm-control-relaunch.NHgaJt/smexplicit-26351/home/state/sm4.git-hooks/post-checkout: Permission denied
rm: /Users/mremond/.no-mistakes/worktrees/acf4a767348a/01M4AX10ZC7N8D2XBFQHB3V6A5/.test-6202/relaunch-tmp/fm-control-relaunch.NHgaJt/smexplicit-26351/home/state/sm4.git-hooks/post-applypatch: Permission denied
rm: /Users/mremond/.no-mistakes/worktrees/acf4a767348a/01M4AX10ZC7N8D2XBFQHB3V6A5/.test-6202/relaunch-tmp/fm-control-relaunch.NHgaJt/smexplicit-26351/home/state/sm4.git-hooks/post-rewrite: Permission denied
rm: /Users/mremond/.no-mistakes/worktrees/acf4a767348a/01M4AX10ZC7N8D2XBFQHB3V6A5/.test-6202/relaunch-tmp/fm-control-relaunch.NHgaJt/smexplicit-26351/home/state/sm4.git-hooks/commit-msg: Permission denied
rm: /Users/mremond/.no-mistakes/worktrees/acf4a767348a/01M4AX10ZC7N8D2XBFQHB3V6A5/.test-6202/relaunch-tmp/fm-control-relaunch.NHgaJt/smexplicit-26351/home/state/sm4.git-hooks/pre-push: Permission denied
rm: /Users/mremond/.no-mistakes/worktrees/acf4a767348a/01M4AX10ZC7N8D2XBFQHB3V6A5/.test-6202/relaunch-tmp/fm-control-relaunch.NHgaJt/smexplicit-26351/home/state/sm4.git-hooks/post-merge: Permission denied
rm: /Users/mremond/.no-mistakes/worktrees/acf4a767348a/01M4AX10ZC7N8D2XBFQHB3V6A5/.test-6202/relaunch-tmp/fm-control-relaunch.NHgaJt/smexplicit-26351/home/state/sm4.git-hooks/pre-commit: Permission denied
rm: /Users/mremond/.no-mistakes/worktrees/acf4a767348a/01M4AX10ZC7N8D2XBFQHB3V6A5/.test-6202/relaunch-tmp/fm-control-relaunch.NHgaJt/smexplicit-26351/home/state/sm4.git-hooks: Directory not empty
rm: /Users/mremond/.no-mistakes/worktrees/acf4a767348a/01M4AX10ZC7N8D2XBFQHB3V6A5/.test-6202/relaunch-tmp/fm-control-relaunch.NHgaJt/smexplicit-26351/home/state: Directory not empty
rm: /Users/mremond/.no-mistakes/worktrees/acf4a767348a/01M4AX10ZC7N8D2XBFQHB3V6A5/.test-6202/relaunch-tmp/fm-control-relaunch.NHgaJt/smexplicit-26351/home: Directory not empty
rm: /Users/mremond/.no-mistakes/worktrees/acf4a767348a/01M4AX10ZC7N8D2XBFQHB3V6A5/.test-6202/relaunch-tmp/fm-control-relaunch.NHgaJt/smexplicit-26351: Directory not empty
rm: /Users/mremond/.no-mistakes/worktrees/acf4a767348a/01M4AX10ZC7N8D2XBFQHB3V6A5/.test-6202/relaunch-tmp/fm-control-relaunch.NHgaJt: Directory not empty
FM_TEST_END 2026-10-07T11:21:33Z tests/fm-control-relaunch.test.sh exit=0 duration_ms=157111 gate_skip=false
FM_TEST_SUMMARY total=1 failed=0 skipped_gate=0 duration_ms=157176
FM_TEST_SUMMARY_FAMILY family=backend-dispatch count=1 duration_ms=157111 failed=0
FM_TEST_SLOWEST rank=1 script=tests/fm-control-relaunch.test.sh duration_ms=157111
